# Memory Recycler 3D - generated game-ready model
# 1 unit = 1 metre | triangles = 3812
mtllib MR3D_ArchiveCityKit.mtl
o CentralMemoryArchive
v -25.000000 0.000000 -16.000000
v 25.000000 0.000000 -16.000000
v 25.000000 0.000000 16.000000
v -25.000000 0.000000 16.000000
v -25.000000 0.700000 -16.000000
v 25.000000 0.700000 -16.000000
v 25.000000 0.700000 16.000000
v -25.000000 0.700000 16.000000
v -21.000000 0.350000 -15.600000
v 21.000000 0.350000 -15.600000
v 21.000000 0.350000 -10.000000
v -21.000000 0.350000 -10.000000
v -21.000000 1.150000 -15.600000
v 21.000000 1.150000 -15.600000
v 21.000000 1.150000 -10.000000
v -21.000000 1.150000 -10.000000
v -9.000000 0.000000 -11.000000
v 9.000000 0.000000 -11.000000
v 9.000000 0.000000 14.000000
v -9.000000 0.000000 14.000000
v -9.000000 36.000000 -11.000000
v 9.000000 36.000000 -11.000000
v 9.000000 36.000000 14.000000
v -9.000000 36.000000 14.000000
v -6.750000 32.000000 -8.000000
v 6.750000 32.000000 -8.000000
v 6.750000 32.000000 12.000000
v -6.750000 32.000000 12.000000
v -6.750000 42.000000 -8.000000
v 6.750000 42.000000 -8.000000
v 6.750000 42.000000 12.000000
v -6.750000 42.000000 12.000000
v -5.250000 40.000000 -6.300000
v 5.250000 40.000000 -6.300000
v 5.250000 40.000000 10.700000
v -5.250000 40.000000 10.700000
v -5.250000 42.000000 -6.300000
v 5.250000 42.000000 -6.300000
v 5.250000 42.000000 10.700000
v -5.250000 42.000000 10.700000
v -6.600000 38.000000 -7.300000
v -4.400000 38.000000 -7.300000
v -4.400000 38.000000 10.700000
v -6.600000 38.000000 10.700000
v -6.600000 41.600000 -7.300000
v -4.400000 41.600000 -7.300000
v -4.400000 41.600000 10.700000
v -6.600000 41.600000 10.700000
v 4.400000 38.600000 -6.500000
v 6.600000 38.600000 -6.500000
v 6.600000 38.600000 10.500000
v 4.400000 38.600000 10.500000
v 4.400000 41.600000 -6.500000
v 6.600000 41.600000 -6.500000
v 6.600000 41.600000 10.500000
v 4.400000 41.600000 10.500000
v -25.000000 0.000000 -11.000000
v -9.000000 0.000000 -11.000000
v -9.000000 0.000000 13.000000
v -25.000000 0.000000 13.000000
v -25.000000 22.000000 -11.000000
v -9.000000 22.000000 -11.000000
v -9.000000 22.000000 13.000000
v -25.000000 22.000000 13.000000
v 9.000000 0.000000 -11.000000
v 25.000000 0.000000 -11.000000
v 25.000000 0.000000 13.000000
v 9.000000 0.000000 13.000000
v 9.000000 22.000000 -11.000000
v 25.000000 22.000000 -11.000000
v 25.000000 22.000000 13.000000
v 9.000000 22.000000 13.000000
v -25.000000 0.000000 -8.000000
v -21.000000 0.000000 -8.000000
v -21.000000 0.000000 12.000000
v -25.000000 0.000000 12.000000
v -25.000000 17.000000 -8.000000
v -21.000000 17.000000 -8.000000
v -21.000000 17.000000 12.000000
v -25.000000 17.000000 12.000000
v 21.000000 0.000000 -8.000000
v 25.000000 0.000000 -8.000000
v 25.000000 0.000000 12.000000
v 21.000000 0.000000 12.000000
v 21.000000 17.000000 -8.000000
v 25.000000 17.000000 -8.000000
v 25.000000 17.000000 12.000000
v 21.000000 17.000000 12.000000
v -15.000000 11.000000 -9.000000
v -9.000000 11.000000 -9.000000
v -9.000000 11.000000 12.000000
v -15.000000 11.000000 12.000000
v -15.000000 17.000000 -9.000000
v -9.000000 17.000000 -9.000000
v -9.000000 17.000000 12.000000
v -15.000000 17.000000 12.000000
v 9.000000 11.000000 -9.000000
v 15.000000 11.000000 -9.000000
v 15.000000 11.000000 12.000000
v 9.000000 11.000000 12.000000
v 9.000000 17.000000 -9.000000
v 15.000000 17.000000 -9.000000
v 15.000000 17.000000 12.000000
v 9.000000 17.000000 12.000000
v -5.250000 6.000000 -12.650000
v 5.250000 6.000000 -12.650000
v 5.250000 6.000000 -10.450000
v -5.250000 6.000000 -10.450000
v -5.250000 8.400000 -12.650000
v 5.250000 8.400000 -12.650000
v 5.250000 8.400000 -10.450000
v -5.250000 8.400000 -10.450000
v -5.250000 0.000000 -12.650000
v -3.850000 0.000000 -12.650000
v -3.850000 0.000000 -10.450000
v -5.250000 0.000000 -10.450000
v -5.250000 6.600000 -12.650000
v -3.850000 6.600000 -12.650000
v -3.850000 6.600000 -10.450000
v -5.250000 6.600000 -10.450000
v 3.850000 0.000000 -12.650000
v 5.250000 0.000000 -12.650000
v 5.250000 0.000000 -10.450000
v 3.850000 0.000000 -10.450000
v 3.850000 6.600000 -12.650000
v 5.250000 6.600000 -12.650000
v 5.250000 6.600000 -10.450000
v 3.850000 6.600000 -10.450000
v -3.500000 0.000000 -11.025000
v 3.500000 0.000000 -11.025000
v 3.500000 0.000000 -10.675000
v -3.500000 0.000000 -10.675000
v -3.500000 6.000000 -11.025000
v 3.500000 6.000000 -11.025000
v 3.500000 6.000000 -10.675000
v -3.500000 6.000000 -10.675000
v -3.455000 0.150000 -11.170000
v -0.105000 0.150000 -11.170000
v -0.105000 0.150000 -10.990000
v -3.455000 0.150000 -10.990000
v -3.455000 5.650000 -11.170000
v -0.105000 5.650000 -11.170000
v -0.105000 5.650000 -10.990000
v -3.455000 5.650000 -10.990000
v 0.105000 0.150000 -11.170000
v 3.455000 0.150000 -11.170000
v 3.455000 0.150000 -10.990000
v 0.105000 0.150000 -10.990000
v 0.105000 5.650000 -11.170000
v 3.455000 5.650000 -11.170000
v 3.455000 5.650000 -10.990000
v 0.105000 5.650000 -10.990000
v -3.600000 6.160000 -11.910000
v 3.600000 6.160000 -11.910000
v 3.600000 6.160000 -11.730000
v -3.600000 6.160000 -11.730000
v -3.600000 6.340000 -11.910000
v 3.600000 6.340000 -11.910000
v 3.600000 6.340000 -11.730000
v -3.600000 6.340000 -11.730000
v -4.600000 7.475000 -11.930000
v 4.600000 7.475000 -11.930000
v 4.600000 7.475000 -11.710000
v -4.600000 7.475000 -11.710000
v -4.600000 8.825000 -11.930000
v 4.600000 8.825000 -11.930000
v 4.600000 8.825000 -11.710000
v -4.600000 8.825000 -11.710000
v -3.500000 0.425000 -11.000000
v 3.500000 0.425000 -11.000000
v 3.500000 0.425000 -3.000000
v -3.500000 0.425000 -3.000000
v -3.500000 0.675000 -11.000000
v 3.500000 0.675000 -11.000000
v 3.500000 0.675000 -3.000000
v -3.500000 0.675000 -3.000000
v -0.800000 0.450000 -5.650000
v 0.800000 0.450000 -5.650000
v 0.800000 0.450000 -4.550000
v -0.800000 0.450000 -4.550000
v -0.800000 2.450000 -5.650000
v 0.800000 2.450000 -5.650000
v 0.800000 2.450000 -4.550000
v -0.800000 2.450000 -4.550000
v -0.450000 1.150000 -5.720000
v 0.450000 1.150000 -5.720000
v 0.450000 1.150000 -5.640000
v -0.450000 1.150000 -5.640000
v -0.450000 2.150000 -5.720000
v 0.450000 2.150000 -5.720000
v 0.450000 2.150000 -5.640000
v -0.450000 2.150000 -5.640000
v -9.000000 0.000000 -15.960000
v 9.000000 0.000000 -15.960000
v 9.000000 0.000000 -15.140000
v -9.000000 0.000000 -15.140000
v -9.000000 0.200000 -15.960000
v 9.000000 0.200000 -15.960000
v 9.000000 0.200000 -15.140000
v -9.000000 0.200000 -15.140000
v -8.450000 0.140000 -15.240000
v 8.450000 0.140000 -15.240000
v 8.450000 0.140000 -14.420000
v -8.450000 0.140000 -14.420000
v -8.450000 0.340000 -15.240000
v 8.450000 0.340000 -15.240000
v 8.450000 0.340000 -14.420000
v -8.450000 0.340000 -14.420000
v -7.900000 0.280000 -14.520000
v 7.900000 0.280000 -14.520000
v 7.900000 0.280000 -13.700000
v -7.900000 0.280000 -13.700000
v -7.900000 0.480000 -14.520000
v 7.900000 0.480000 -14.520000
v 7.900000 0.480000 -13.700000
v -7.900000 0.480000 -13.700000
v -7.350000 0.420000 -13.800000
v 7.350000 0.420000 -13.800000
v 7.350000 0.420000 -12.980000
v -7.350000 0.420000 -12.980000
v -7.350000 0.620000 -13.800000
v 7.350000 0.620000 -13.800000
v 7.350000 0.620000 -12.980000
v -7.350000 0.620000 -12.980000
v -6.800000 0.560000 -13.080000
v 6.800000 0.560000 -13.080000
v 6.800000 0.560000 -12.260000
v -6.800000 0.560000 -12.260000
v -6.800000 0.760000 -13.080000
v 6.800000 0.760000 -13.080000
v 6.800000 0.760000 -12.260000
v -6.800000 0.760000 -12.260000
v -8.530000 0.750000 -11.420000
v -8.070000 0.750000 -11.420000
v -8.070000 0.750000 -10.940000
v -8.530000 0.750000 -10.940000
v -8.530000 38.250000 -11.420000
v -8.070000 38.250000 -11.420000
v -8.070000 38.250000 -10.940000
v -8.530000 38.250000 -10.940000
v -7.030000 0.750000 -11.420000
v -6.570000 0.750000 -11.420000
v -6.570000 0.750000 -10.940000
v -7.030000 0.750000 -10.940000
v -7.030000 38.250000 -11.420000
v -6.570000 38.250000 -11.420000
v -6.570000 38.250000 -10.940000
v -7.030000 38.250000 -10.940000
v -5.330000 0.750000 -11.420000
v -4.870000 0.750000 -11.420000
v -4.870000 0.750000 -10.940000
v -5.330000 0.750000 -10.940000
v -5.330000 38.250000 -11.420000
v -4.870000 38.250000 -11.420000
v -4.870000 38.250000 -10.940000
v -5.330000 38.250000 -10.940000
v 4.870000 0.750000 -11.420000
v 5.330000 0.750000 -11.420000
v 5.330000 0.750000 -10.940000
v 4.870000 0.750000 -10.940000
v 4.870000 38.250000 -11.420000
v 5.330000 38.250000 -11.420000
v 5.330000 38.250000 -10.940000
v 4.870000 38.250000 -10.940000
v 6.570000 0.750000 -11.420000
v 7.030000 0.750000 -11.420000
v 7.030000 0.750000 -10.940000
v 6.570000 0.750000 -10.940000
v 6.570000 38.250000 -11.420000
v 7.030000 38.250000 -11.420000
v 7.030000 38.250000 -10.940000
v 6.570000 38.250000 -10.940000
v 8.070000 0.750000 -11.420000
v 8.530000 0.750000 -11.420000
v 8.530000 0.750000 -10.940000
v 8.070000 0.750000 -10.940000
v 8.070000 38.250000 -11.420000
v 8.530000 38.250000 -11.420000
v 8.530000 38.250000 -10.940000
v 8.070000 38.250000 -10.940000
v -24.330000 0.300000 -11.420000
v -23.870000 0.300000 -11.420000
v -23.870000 0.300000 -10.940000
v -24.330000 0.300000 -10.940000
v -24.330000 21.100000 -11.420000
v -23.870000 21.100000 -11.420000
v -23.870000 21.100000 -10.940000
v -24.330000 21.100000 -10.940000
v -21.630000 0.300000 -11.420000
v -21.170000 0.300000 -11.420000
v -21.170000 0.300000 -10.940000
v -21.630000 0.300000 -10.940000
v -21.630000 21.100000 -11.420000
v -21.170000 21.100000 -11.420000
v -21.170000 21.100000 -10.940000
v -21.630000 21.100000 -10.940000
v -18.930000 0.300000 -11.420000
v -18.470000 0.300000 -11.420000
v -18.470000 0.300000 -10.940000
v -18.930000 0.300000 -10.940000
v -18.930000 21.100000 -11.420000
v -18.470000 21.100000 -11.420000
v -18.470000 21.100000 -10.940000
v -18.930000 21.100000 -10.940000
v -16.230000 0.300000 -11.420000
v -15.770000 0.300000 -11.420000
v -15.770000 0.300000 -10.940000
v -16.230000 0.300000 -10.940000
v -16.230000 21.100000 -11.420000
v -15.770000 21.100000 -11.420000
v -15.770000 21.100000 -10.940000
v -16.230000 21.100000 -10.940000
v -13.530000 0.300000 -11.420000
v -13.070000 0.300000 -11.420000
v -13.070000 0.300000 -10.940000
v -13.530000 0.300000 -10.940000
v -13.530000 21.100000 -11.420000
v -13.070000 21.100000 -11.420000
v -13.070000 21.100000 -10.940000
v -13.530000 21.100000 -10.940000
v -10.830000 0.300000 -11.420000
v -10.370000 0.300000 -11.420000
v -10.370000 0.300000 -10.940000
v -10.830000 0.300000 -10.940000
v -10.830000 21.100000 -11.420000
v -10.370000 21.100000 -11.420000
v -10.370000 21.100000 -10.940000
v -10.830000 21.100000 -10.940000
v 10.370000 0.300000 -11.420000
v 10.830000 0.300000 -11.420000
v 10.830000 0.300000 -10.940000
v 10.370000 0.300000 -10.940000
v 10.370000 21.100000 -11.420000
v 10.830000 21.100000 -11.420000
v 10.830000 21.100000 -10.940000
v 10.370000 21.100000 -10.940000
v 13.070000 0.300000 -11.420000
v 13.530000 0.300000 -11.420000
v 13.530000 0.300000 -10.940000
v 13.070000 0.300000 -10.940000
v 13.070000 21.100000 -11.420000
v 13.530000 21.100000 -11.420000
v 13.530000 21.100000 -10.940000
v 13.070000 21.100000 -10.940000
v 15.770000 0.300000 -11.420000
v 16.230000 0.300000 -11.420000
v 16.230000 0.300000 -10.940000
v 15.770000 0.300000 -10.940000
v 15.770000 21.100000 -11.420000
v 16.230000 21.100000 -11.420000
v 16.230000 21.100000 -10.940000
v 15.770000 21.100000 -10.940000
v 18.470000 0.300000 -11.420000
v 18.930000 0.300000 -11.420000
v 18.930000 0.300000 -10.940000
v 18.470000 0.300000 -10.940000
v 18.470000 21.100000 -11.420000
v 18.930000 21.100000 -11.420000
v 18.930000 21.100000 -10.940000
v 18.470000 21.100000 -10.940000
v 21.170000 0.300000 -11.420000
v 21.630000 0.300000 -11.420000
v 21.630000 0.300000 -10.940000
v 21.170000 0.300000 -10.940000
v 21.170000 21.100000 -11.420000
v 21.630000 21.100000 -11.420000
v 21.630000 21.100000 -10.940000
v 21.170000 21.100000 -10.940000
v 23.870000 0.300000 -11.420000
v 24.330000 0.300000 -11.420000
v 24.330000 0.300000 -10.940000
v 23.870000 0.300000 -10.940000
v 23.870000 21.100000 -11.420000
v 24.330000 21.100000 -11.420000
v 24.330000 21.100000 -10.940000
v 23.870000 21.100000 -10.940000
v -7.510000 10.100000 -11.360000
v -6.890000 10.100000 -11.360000
v -6.890000 10.100000 -11.260000
v -7.510000 10.100000 -11.260000
v -7.510000 11.900000 -11.360000
v -6.890000 11.900000 -11.360000
v -6.890000 11.900000 -11.260000
v -7.510000 11.900000 -11.260000
v -6.110000 10.100000 -11.360000
v -5.490000 10.100000 -11.360000
v -5.490000 10.100000 -11.260000
v -6.110000 10.100000 -11.260000
v -6.110000 11.900000 -11.360000
v -5.490000 11.900000 -11.360000
v -5.490000 11.900000 -11.260000
v -6.110000 11.900000 -11.260000
v 5.490000 10.100000 -11.360000
v 6.110000 10.100000 -11.360000
v 6.110000 10.100000 -11.260000
v 5.490000 10.100000 -11.260000
v 5.490000 11.900000 -11.360000
v 6.110000 11.900000 -11.360000
v 6.110000 11.900000 -11.260000
v 5.490000 11.900000 -11.260000
v 6.890000 10.100000 -11.360000
v 7.510000 10.100000 -11.360000
v 7.510000 10.100000 -11.260000
v 6.890000 10.100000 -11.260000
v 6.890000 11.900000 -11.360000
v 7.510000 11.900000 -11.360000
v 7.510000 11.900000 -11.260000
v 6.890000 11.900000 -11.260000
v -7.510000 13.100000 -11.360000
v -6.890000 13.100000 -11.360000
v -6.890000 13.100000 -11.260000
v -7.510000 13.100000 -11.260000
v -7.510000 14.900000 -11.360000
v -6.890000 14.900000 -11.360000
v -6.890000 14.900000 -11.260000
v -7.510000 14.900000 -11.260000
v -6.110000 13.100000 -11.360000
v -5.490000 13.100000 -11.360000
v -5.490000 13.100000 -11.260000
v -6.110000 13.100000 -11.260000
v -6.110000 14.900000 -11.360000
v -5.490000 14.900000 -11.360000
v -5.490000 14.900000 -11.260000
v -6.110000 14.900000 -11.260000
v 5.490000 13.100000 -11.360000
v 6.110000 13.100000 -11.360000
v 6.110000 13.100000 -11.260000
v 5.490000 13.100000 -11.260000
v 5.490000 14.900000 -11.360000
v 6.110000 14.900000 -11.360000
v 6.110000 14.900000 -11.260000
v 5.490000 14.900000 -11.260000
v 6.890000 13.100000 -11.360000
v 7.510000 13.100000 -11.360000
v 7.510000 13.100000 -11.260000
v 6.890000 13.100000 -11.260000
v 6.890000 14.900000 -11.360000
v 7.510000 14.900000 -11.360000
v 7.510000 14.900000 -11.260000
v 6.890000 14.900000 -11.260000
v -7.510000 16.100000 -11.360000
v -6.890000 16.100000 -11.360000
v -6.890000 16.100000 -11.260000
v -7.510000 16.100000 -11.260000
v -7.510000 17.900000 -11.360000
v -6.890000 17.900000 -11.360000
v -6.890000 17.900000 -11.260000
v -7.510000 17.900000 -11.260000
v -6.110000 16.100000 -11.360000
v -5.490000 16.100000 -11.360000
v -5.490000 16.100000 -11.260000
v -6.110000 16.100000 -11.260000
v -6.110000 17.900000 -11.360000
v -5.490000 17.900000 -11.360000
v -5.490000 17.900000 -11.260000
v -6.110000 17.900000 -11.260000
v 5.490000 16.100000 -11.360000
v 6.110000 16.100000 -11.360000
v 6.110000 16.100000 -11.260000
v 5.490000 16.100000 -11.260000
v 5.490000 17.900000 -11.360000
v 6.110000 17.900000 -11.360000
v 6.110000 17.900000 -11.260000
v 5.490000 17.900000 -11.260000
v 6.890000 16.100000 -11.360000
v 7.510000 16.100000 -11.360000
v 7.510000 16.100000 -11.260000
v 6.890000 16.100000 -11.260000
v 6.890000 17.900000 -11.360000
v 7.510000 17.900000 -11.360000
v 7.510000 17.900000 -11.260000
v 6.890000 17.900000 -11.260000
v -7.510000 19.100000 -11.360000
v -6.890000 19.100000 -11.360000
v -6.890000 19.100000 -11.260000
v -7.510000 19.100000 -11.260000
v -7.510000 20.900000 -11.360000
v -6.890000 20.900000 -11.360000
v -6.890000 20.900000 -11.260000
v -7.510000 20.900000 -11.260000
v -6.110000 19.100000 -11.360000
v -5.490000 19.100000 -11.360000
v -5.490000 19.100000 -11.260000
v -6.110000 19.100000 -11.260000
v -6.110000 20.900000 -11.360000
v -5.490000 20.900000 -11.360000
v -5.490000 20.900000 -11.260000
v -6.110000 20.900000 -11.260000
v 5.490000 19.100000 -11.360000
v 6.110000 19.100000 -11.360000
v 6.110000 19.100000 -11.260000
v 5.490000 19.100000 -11.260000
v 5.490000 20.900000 -11.360000
v 6.110000 20.900000 -11.360000
v 6.110000 20.900000 -11.260000
v 5.490000 20.900000 -11.260000
v 6.890000 19.100000 -11.360000
v 7.510000 19.100000 -11.360000
v 7.510000 19.100000 -11.260000
v 6.890000 19.100000 -11.260000
v 6.890000 20.900000 -11.360000
v 7.510000 20.900000 -11.360000
v 7.510000 20.900000 -11.260000
v 6.890000 20.900000 -11.260000
v -7.510000 22.100000 -11.360000
v -6.890000 22.100000 -11.360000
v -6.890000 22.100000 -11.260000
v -7.510000 22.100000 -11.260000
v -7.510000 23.900000 -11.360000
v -6.890000 23.900000 -11.360000
v -6.890000 23.900000 -11.260000
v -7.510000 23.900000 -11.260000
v -6.110000 22.100000 -11.360000
v -5.490000 22.100000 -11.360000
v -5.490000 22.100000 -11.260000
v -6.110000 22.100000 -11.260000
v -6.110000 23.900000 -11.360000
v -5.490000 23.900000 -11.360000
v -5.490000 23.900000 -11.260000
v -6.110000 23.900000 -11.260000
v 5.490000 22.100000 -11.360000
v 6.110000 22.100000 -11.360000
v 6.110000 22.100000 -11.260000
v 5.490000 22.100000 -11.260000
v 5.490000 23.900000 -11.360000
v 6.110000 23.900000 -11.360000
v 6.110000 23.900000 -11.260000
v 5.490000 23.900000 -11.260000
v 6.890000 22.100000 -11.360000
v 7.510000 22.100000 -11.360000
v 7.510000 22.100000 -11.260000
v 6.890000 22.100000 -11.260000
v 6.890000 23.900000 -11.360000
v 7.510000 23.900000 -11.360000
v 7.510000 23.900000 -11.260000
v 6.890000 23.900000 -11.260000
v -7.510000 25.100000 -11.360000
v -6.890000 25.100000 -11.360000
v -6.890000 25.100000 -11.260000
v -7.510000 25.100000 -11.260000
v -7.510000 26.900000 -11.360000
v -6.890000 26.900000 -11.360000
v -6.890000 26.900000 -11.260000
v -7.510000 26.900000 -11.260000
v -6.110000 25.100000 -11.360000
v -5.490000 25.100000 -11.360000
v -5.490000 25.100000 -11.260000
v -6.110000 25.100000 -11.260000
v -6.110000 26.900000 -11.360000
v -5.490000 26.900000 -11.360000
v -5.490000 26.900000 -11.260000
v -6.110000 26.900000 -11.260000
v 5.490000 25.100000 -11.360000
v 6.110000 25.100000 -11.360000
v 6.110000 25.100000 -11.260000
v 5.490000 25.100000 -11.260000
v 5.490000 26.900000 -11.360000
v 6.110000 26.900000 -11.360000
v 6.110000 26.900000 -11.260000
v 5.490000 26.900000 -11.260000
v 6.890000 25.100000 -11.360000
v 7.510000 25.100000 -11.360000
v 7.510000 25.100000 -11.260000
v 6.890000 25.100000 -11.260000
v 6.890000 26.900000 -11.360000
v 7.510000 26.900000 -11.360000
v 7.510000 26.900000 -11.260000
v 6.890000 26.900000 -11.260000
v -7.510000 28.100000 -11.360000
v -6.890000 28.100000 -11.360000
v -6.890000 28.100000 -11.260000
v -7.510000 28.100000 -11.260000
v -7.510000 29.900000 -11.360000
v -6.890000 29.900000 -11.360000
v -6.890000 29.900000 -11.260000
v -7.510000 29.900000 -11.260000
v -6.110000 28.100000 -11.360000
v -5.490000 28.100000 -11.360000
v -5.490000 28.100000 -11.260000
v -6.110000 28.100000 -11.260000
v -6.110000 29.900000 -11.360000
v -5.490000 29.900000 -11.360000
v -5.490000 29.900000 -11.260000
v -6.110000 29.900000 -11.260000
v 5.490000 28.100000 -11.360000
v 6.110000 28.100000 -11.360000
v 6.110000 28.100000 -11.260000
v 5.490000 28.100000 -11.260000
v 5.490000 29.900000 -11.360000
v 6.110000 29.900000 -11.360000
v 6.110000 29.900000 -11.260000
v 5.490000 29.900000 -11.260000
v 6.890000 28.100000 -11.360000
v 7.510000 28.100000 -11.360000
v 7.510000 28.100000 -11.260000
v 6.890000 28.100000 -11.260000
v 6.890000 29.900000 -11.360000
v 7.510000 29.900000 -11.360000
v 7.510000 29.900000 -11.260000
v 6.890000 29.900000 -11.260000
v -7.510000 31.100000 -11.360000
v -6.890000 31.100000 -11.360000
v -6.890000 31.100000 -11.260000
v -7.510000 31.100000 -11.260000
v -7.510000 32.900000 -11.360000
v -6.890000 32.900000 -11.360000
v -6.890000 32.900000 -11.260000
v -7.510000 32.900000 -11.260000
v -6.110000 31.100000 -11.360000
v -5.490000 31.100000 -11.360000
v -5.490000 31.100000 -11.260000
v -6.110000 31.100000 -11.260000
v -6.110000 32.900000 -11.360000
v -5.490000 32.900000 -11.360000
v -5.490000 32.900000 -11.260000
v -6.110000 32.900000 -11.260000
v 5.490000 31.100000 -11.360000
v 6.110000 31.100000 -11.360000
v 6.110000 31.100000 -11.260000
v 5.490000 31.100000 -11.260000
v 5.490000 32.900000 -11.360000
v 6.110000 32.900000 -11.360000
v 6.110000 32.900000 -11.260000
v 5.490000 32.900000 -11.260000
v 6.890000 31.100000 -11.360000
v 7.510000 31.100000 -11.360000
v 7.510000 31.100000 -11.260000
v 6.890000 31.100000 -11.260000
v 6.890000 32.900000 -11.360000
v 7.510000 32.900000 -11.360000
v 7.510000 32.900000 -11.260000
v 6.890000 32.900000 -11.260000
v -23.090000 2.825000 -11.360000
v -22.510000 2.825000 -11.360000
v -22.510000 2.825000 -11.260000
v -23.090000 2.825000 -11.260000
v -23.090000 4.375000 -11.360000
v -22.510000 4.375000 -11.360000
v -22.510000 4.375000 -11.260000
v -23.090000 4.375000 -11.260000
v -20.390000 2.825000 -11.360000
v -19.810000 2.825000 -11.360000
v -19.810000 2.825000 -11.260000
v -20.390000 2.825000 -11.260000
v -20.390000 4.375000 -11.360000
v -19.810000 4.375000 -11.360000
v -19.810000 4.375000 -11.260000
v -20.390000 4.375000 -11.260000
v -17.690000 2.825000 -11.360000
v -17.110000 2.825000 -11.360000
v -17.110000 2.825000 -11.260000
v -17.690000 2.825000 -11.260000
v -17.690000 4.375000 -11.360000
v -17.110000 4.375000 -11.360000
v -17.110000 4.375000 -11.260000
v -17.690000 4.375000 -11.260000
v -14.990000 2.825000 -11.360000
v -14.410000 2.825000 -11.360000
v -14.410000 2.825000 -11.260000
v -14.990000 2.825000 -11.260000
v -14.990000 4.375000 -11.360000
v -14.410000 4.375000 -11.360000
v -14.410000 4.375000 -11.260000
v -14.990000 4.375000 -11.260000
v -12.290000 2.825000 -11.360000
v -11.710000 2.825000 -11.360000
v -11.710000 2.825000 -11.260000
v -12.290000 2.825000 -11.260000
v -12.290000 4.375000 -11.360000
v -11.710000 4.375000 -11.360000
v -11.710000 4.375000 -11.260000
v -12.290000 4.375000 -11.260000
v -23.090000 5.925000 -11.360000
v -22.510000 5.925000 -11.360000
v -22.510000 5.925000 -11.260000
v -23.090000 5.925000 -11.260000
v -23.090000 7.475000 -11.360000
v -22.510000 7.475000 -11.360000
v -22.510000 7.475000 -11.260000
v -23.090000 7.475000 -11.260000
v -20.390000 5.925000 -11.360000
v -19.810000 5.925000 -11.360000
v -19.810000 5.925000 -11.260000
v -20.390000 5.925000 -11.260000
v -20.390000 7.475000 -11.360000
v -19.810000 7.475000 -11.360000
v -19.810000 7.475000 -11.260000
v -20.390000 7.475000 -11.260000
v -17.690000 5.925000 -11.360000
v -17.110000 5.925000 -11.360000
v -17.110000 5.925000 -11.260000
v -17.690000 5.925000 -11.260000
v -17.690000 7.475000 -11.360000
v -17.110000 7.475000 -11.360000
v -17.110000 7.475000 -11.260000
v -17.690000 7.475000 -11.260000
v -14.990000 5.925000 -11.360000
v -14.410000 5.925000 -11.360000
v -14.410000 5.925000 -11.260000
v -14.990000 5.925000 -11.260000
v -14.990000 7.475000 -11.360000
v -14.410000 7.475000 -11.360000
v -14.410000 7.475000 -11.260000
v -14.990000 7.475000 -11.260000
v -12.290000 5.925000 -11.360000
v -11.710000 5.925000 -11.360000
v -11.710000 5.925000 -11.260000
v -12.290000 5.925000 -11.260000
v -12.290000 7.475000 -11.360000
v -11.710000 7.475000 -11.360000
v -11.710000 7.475000 -11.260000
v -12.290000 7.475000 -11.260000
v -23.090000 9.025000 -11.360000
v -22.510000 9.025000 -11.360000
v -22.510000 9.025000 -11.260000
v -23.090000 9.025000 -11.260000
v -23.090000 10.575000 -11.360000
v -22.510000 10.575000 -11.360000
v -22.510000 10.575000 -11.260000
v -23.090000 10.575000 -11.260000
v -20.390000 9.025000 -11.360000
v -19.810000 9.025000 -11.360000
v -19.810000 9.025000 -11.260000
v -20.390000 9.025000 -11.260000
v -20.390000 10.575000 -11.360000
v -19.810000 10.575000 -11.360000
v -19.810000 10.575000 -11.260000
v -20.390000 10.575000 -11.260000
v -17.690000 9.025000 -11.360000
v -17.110000 9.025000 -11.360000
v -17.110000 9.025000 -11.260000
v -17.690000 9.025000 -11.260000
v -17.690000 10.575000 -11.360000
v -17.110000 10.575000 -11.360000
v -17.110000 10.575000 -11.260000
v -17.690000 10.575000 -11.260000
v -14.990000 9.025000 -11.360000
v -14.410000 9.025000 -11.360000
v -14.410000 9.025000 -11.260000
v -14.990000 9.025000 -11.260000
v -14.990000 10.575000 -11.360000
v -14.410000 10.575000 -11.360000
v -14.410000 10.575000 -11.260000
v -14.990000 10.575000 -11.260000
v -12.290000 9.025000 -11.360000
v -11.710000 9.025000 -11.360000
v -11.710000 9.025000 -11.260000
v -12.290000 9.025000 -11.260000
v -12.290000 10.575000 -11.360000
v -11.710000 10.575000 -11.360000
v -11.710000 10.575000 -11.260000
v -12.290000 10.575000 -11.260000
v -23.090000 12.125000 -11.360000
v -22.510000 12.125000 -11.360000
v -22.510000 12.125000 -11.260000
v -23.090000 12.125000 -11.260000
v -23.090000 13.675000 -11.360000
v -22.510000 13.675000 -11.360000
v -22.510000 13.675000 -11.260000
v -23.090000 13.675000 -11.260000
v -20.390000 12.125000 -11.360000
v -19.810000 12.125000 -11.360000
v -19.810000 12.125000 -11.260000
v -20.390000 12.125000 -11.260000
v -20.390000 13.675000 -11.360000
v -19.810000 13.675000 -11.360000
v -19.810000 13.675000 -11.260000
v -20.390000 13.675000 -11.260000
v -17.690000 12.125000 -11.360000
v -17.110000 12.125000 -11.360000
v -17.110000 12.125000 -11.260000
v -17.690000 12.125000 -11.260000
v -17.690000 13.675000 -11.360000
v -17.110000 13.675000 -11.360000
v -17.110000 13.675000 -11.260000
v -17.690000 13.675000 -11.260000
v -14.990000 12.125000 -11.360000
v -14.410000 12.125000 -11.360000
v -14.410000 12.125000 -11.260000
v -14.990000 12.125000 -11.260000
v -14.990000 13.675000 -11.360000
v -14.410000 13.675000 -11.360000
v -14.410000 13.675000 -11.260000
v -14.990000 13.675000 -11.260000
v -12.290000 12.125000 -11.360000
v -11.710000 12.125000 -11.360000
v -11.710000 12.125000 -11.260000
v -12.290000 12.125000 -11.260000
v -12.290000 13.675000 -11.360000
v -11.710000 13.675000 -11.360000
v -11.710000 13.675000 -11.260000
v -12.290000 13.675000 -11.260000
v -23.090000 15.225000 -11.360000
v -22.510000 15.225000 -11.360000
v -22.510000 15.225000 -11.260000
v -23.090000 15.225000 -11.260000
v -23.090000 16.775000 -11.360000
v -22.510000 16.775000 -11.360000
v -22.510000 16.775000 -11.260000
v -23.090000 16.775000 -11.260000
v -20.390000 15.225000 -11.360000
v -19.810000 15.225000 -11.360000
v -19.810000 15.225000 -11.260000
v -20.390000 15.225000 -11.260000
v -20.390000 16.775000 -11.360000
v -19.810000 16.775000 -11.360000
v -19.810000 16.775000 -11.260000
v -20.390000 16.775000 -11.260000
v -17.690000 15.225000 -11.360000
v -17.110000 15.225000 -11.360000
v -17.110000 15.225000 -11.260000
v -17.690000 15.225000 -11.260000
v -17.690000 16.775000 -11.360000
v -17.110000 16.775000 -11.360000
v -17.110000 16.775000 -11.260000
v -17.690000 16.775000 -11.260000
v -14.990000 15.225000 -11.360000
v -14.410000 15.225000 -11.360000
v -14.410000 15.225000 -11.260000
v -14.990000 15.225000 -11.260000
v -14.990000 16.775000 -11.360000
v -14.410000 16.775000 -11.360000
v -14.410000 16.775000 -11.260000
v -14.990000 16.775000 -11.260000
v -12.290000 15.225000 -11.360000
v -11.710000 15.225000 -11.360000
v -11.710000 15.225000 -11.260000
v -12.290000 15.225000 -11.260000
v -12.290000 16.775000 -11.360000
v -11.710000 16.775000 -11.360000
v -11.710000 16.775000 -11.260000
v -12.290000 16.775000 -11.260000
v -23.090000 18.325000 -11.360000
v -22.510000 18.325000 -11.360000
v -22.510000 18.325000 -11.260000
v -23.090000 18.325000 -11.260000
v -23.090000 19.875000 -11.360000
v -22.510000 19.875000 -11.360000
v -22.510000 19.875000 -11.260000
v -23.090000 19.875000 -11.260000
v -20.390000 18.325000 -11.360000
v -19.810000 18.325000 -11.360000
v -19.810000 18.325000 -11.260000
v -20.390000 18.325000 -11.260000
v -20.390000 19.875000 -11.360000
v -19.810000 19.875000 -11.360000
v -19.810000 19.875000 -11.260000
v -20.390000 19.875000 -11.260000
v -17.690000 18.325000 -11.360000
v -17.110000 18.325000 -11.360000
v -17.110000 18.325000 -11.260000
v -17.690000 18.325000 -11.260000
v -17.690000 19.875000 -11.360000
v -17.110000 19.875000 -11.360000
v -17.110000 19.875000 -11.260000
v -17.690000 19.875000 -11.260000
v -14.990000 18.325000 -11.360000
v -14.410000 18.325000 -11.360000
v -14.410000 18.325000 -11.260000
v -14.990000 18.325000 -11.260000
v -14.990000 19.875000 -11.360000
v -14.410000 19.875000 -11.360000
v -14.410000 19.875000 -11.260000
v -14.990000 19.875000 -11.260000
v -12.290000 18.325000 -11.360000
v -11.710000 18.325000 -11.360000
v -11.710000 18.325000 -11.260000
v -12.290000 18.325000 -11.260000
v -12.290000 19.875000 -11.360000
v -11.710000 19.875000 -11.360000
v -11.710000 19.875000 -11.260000
v -12.290000 19.875000 -11.260000
v 11.710000 2.825000 -11.360000
v 12.290000 2.825000 -11.360000
v 12.290000 2.825000 -11.260000
v 11.710000 2.825000 -11.260000
v 11.710000 4.375000 -11.360000
v 12.290000 4.375000 -11.360000
v 12.290000 4.375000 -11.260000
v 11.710000 4.375000 -11.260000
v 14.410000 2.825000 -11.360000
v 14.990000 2.825000 -11.360000
v 14.990000 2.825000 -11.260000
v 14.410000 2.825000 -11.260000
v 14.410000 4.375000 -11.360000
v 14.990000 4.375000 -11.360000
v 14.990000 4.375000 -11.260000
v 14.410000 4.375000 -11.260000
v 17.110000 2.825000 -11.360000
v 17.690000 2.825000 -11.360000
v 17.690000 2.825000 -11.260000
v 17.110000 2.825000 -11.260000
v 17.110000 4.375000 -11.360000
v 17.690000 4.375000 -11.360000
v 17.690000 4.375000 -11.260000
v 17.110000 4.375000 -11.260000
v 19.810000 2.825000 -11.360000
v 20.390000 2.825000 -11.360000
v 20.390000 2.825000 -11.260000
v 19.810000 2.825000 -11.260000
v 19.810000 4.375000 -11.360000
v 20.390000 4.375000 -11.360000
v 20.390000 4.375000 -11.260000
v 19.810000 4.375000 -11.260000
v 22.510000 2.825000 -11.360000
v 23.090000 2.825000 -11.360000
v 23.090000 2.825000 -11.260000
v 22.510000 2.825000 -11.260000
v 22.510000 4.375000 -11.360000
v 23.090000 4.375000 -11.360000
v 23.090000 4.375000 -11.260000
v 22.510000 4.375000 -11.260000
v 11.710000 5.925000 -11.360000
v 12.290000 5.925000 -11.360000
v 12.290000 5.925000 -11.260000
v 11.710000 5.925000 -11.260000
v 11.710000 7.475000 -11.360000
v 12.290000 7.475000 -11.360000
v 12.290000 7.475000 -11.260000
v 11.710000 7.475000 -11.260000
v 14.410000 5.925000 -11.360000
v 14.990000 5.925000 -11.360000
v 14.990000 5.925000 -11.260000
v 14.410000 5.925000 -11.260000
v 14.410000 7.475000 -11.360000
v 14.990000 7.475000 -11.360000
v 14.990000 7.475000 -11.260000
v 14.410000 7.475000 -11.260000
v 17.110000 5.925000 -11.360000
v 17.690000 5.925000 -11.360000
v 17.690000 5.925000 -11.260000
v 17.110000 5.925000 -11.260000
v 17.110000 7.475000 -11.360000
v 17.690000 7.475000 -11.360000
v 17.690000 7.475000 -11.260000
v 17.110000 7.475000 -11.260000
v 19.810000 5.925000 -11.360000
v 20.390000 5.925000 -11.360000
v 20.390000 5.925000 -11.260000
v 19.810000 5.925000 -11.260000
v 19.810000 7.475000 -11.360000
v 20.390000 7.475000 -11.360000
v 20.390000 7.475000 -11.260000
v 19.810000 7.475000 -11.260000
v 22.510000 5.925000 -11.360000
v 23.090000 5.925000 -11.360000
v 23.090000 5.925000 -11.260000
v 22.510000 5.925000 -11.260000
v 22.510000 7.475000 -11.360000
v 23.090000 7.475000 -11.360000
v 23.090000 7.475000 -11.260000
v 22.510000 7.475000 -11.260000
v 11.710000 9.025000 -11.360000
v 12.290000 9.025000 -11.360000
v 12.290000 9.025000 -11.260000
v 11.710000 9.025000 -11.260000
v 11.710000 10.575000 -11.360000
v 12.290000 10.575000 -11.360000
v 12.290000 10.575000 -11.260000
v 11.710000 10.575000 -11.260000
v 14.410000 9.025000 -11.360000
v 14.990000 9.025000 -11.360000
v 14.990000 9.025000 -11.260000
v 14.410000 9.025000 -11.260000
v 14.410000 10.575000 -11.360000
v 14.990000 10.575000 -11.360000
v 14.990000 10.575000 -11.260000
v 14.410000 10.575000 -11.260000
v 17.110000 9.025000 -11.360000
v 17.690000 9.025000 -11.360000
v 17.690000 9.025000 -11.260000
v 17.110000 9.025000 -11.260000
v 17.110000 10.575000 -11.360000
v 17.690000 10.575000 -11.360000
v 17.690000 10.575000 -11.260000
v 17.110000 10.575000 -11.260000
v 19.810000 9.025000 -11.360000
v 20.390000 9.025000 -11.360000
v 20.390000 9.025000 -11.260000
v 19.810000 9.025000 -11.260000
v 19.810000 10.575000 -11.360000
v 20.390000 10.575000 -11.360000
v 20.390000 10.575000 -11.260000
v 19.810000 10.575000 -11.260000
v 22.510000 9.025000 -11.360000
v 23.090000 9.025000 -11.360000
v 23.090000 9.025000 -11.260000
v 22.510000 9.025000 -11.260000
v 22.510000 10.575000 -11.360000
v 23.090000 10.575000 -11.360000
v 23.090000 10.575000 -11.260000
v 22.510000 10.575000 -11.260000
v 11.710000 12.125000 -11.360000
v 12.290000 12.125000 -11.360000
v 12.290000 12.125000 -11.260000
v 11.710000 12.125000 -11.260000
v 11.710000 13.675000 -11.360000
v 12.290000 13.675000 -11.360000
v 12.290000 13.675000 -11.260000
v 11.710000 13.675000 -11.260000
v 14.410000 12.125000 -11.360000
v 14.990000 12.125000 -11.360000
v 14.990000 12.125000 -11.260000
v 14.410000 12.125000 -11.260000
v 14.410000 13.675000 -11.360000
v 14.990000 13.675000 -11.360000
v 14.990000 13.675000 -11.260000
v 14.410000 13.675000 -11.260000
v 17.110000 12.125000 -11.360000
v 17.690000 12.125000 -11.360000
v 17.690000 12.125000 -11.260000
v 17.110000 12.125000 -11.260000
v 17.110000 13.675000 -11.360000
v 17.690000 13.675000 -11.360000
v 17.690000 13.675000 -11.260000
v 17.110000 13.675000 -11.260000
v 19.810000 12.125000 -11.360000
v 20.390000 12.125000 -11.360000
v 20.390000 12.125000 -11.260000
v 19.810000 12.125000 -11.260000
v 19.810000 13.675000 -11.360000
v 20.390000 13.675000 -11.360000
v 20.390000 13.675000 -11.260000
v 19.810000 13.675000 -11.260000
v 22.510000 12.125000 -11.360000
v 23.090000 12.125000 -11.360000
v 23.090000 12.125000 -11.260000
v 22.510000 12.125000 -11.260000
v 22.510000 13.675000 -11.360000
v 23.090000 13.675000 -11.360000
v 23.090000 13.675000 -11.260000
v 22.510000 13.675000 -11.260000
v 11.710000 15.225000 -11.360000
v 12.290000 15.225000 -11.360000
v 12.290000 15.225000 -11.260000
v 11.710000 15.225000 -11.260000
v 11.710000 16.775000 -11.360000
v 12.290000 16.775000 -11.360000
v 12.290000 16.775000 -11.260000
v 11.710000 16.775000 -11.260000
v 14.410000 15.225000 -11.360000
v 14.990000 15.225000 -11.360000
v 14.990000 15.225000 -11.260000
v 14.410000 15.225000 -11.260000
v 14.410000 16.775000 -11.360000
v 14.990000 16.775000 -11.360000
v 14.990000 16.775000 -11.260000
v 14.410000 16.775000 -11.260000
v 17.110000 15.225000 -11.360000
v 17.690000 15.225000 -11.360000
v 17.690000 15.225000 -11.260000
v 17.110000 15.225000 -11.260000
v 17.110000 16.775000 -11.360000
v 17.690000 16.775000 -11.360000
v 17.690000 16.775000 -11.260000
v 17.110000 16.775000 -11.260000
v 19.810000 15.225000 -11.360000
v 20.390000 15.225000 -11.360000
v 20.390000 15.225000 -11.260000
v 19.810000 15.225000 -11.260000
v 19.810000 16.775000 -11.360000
v 20.390000 16.775000 -11.360000
v 20.390000 16.775000 -11.260000
v 19.810000 16.775000 -11.260000
v 22.510000 15.225000 -11.360000
v 23.090000 15.225000 -11.360000
v 23.090000 15.225000 -11.260000
v 22.510000 15.225000 -11.260000
v 22.510000 16.775000 -11.360000
v 23.090000 16.775000 -11.360000
v 23.090000 16.775000 -11.260000
v 22.510000 16.775000 -11.260000
v 11.710000 18.325000 -11.360000
v 12.290000 18.325000 -11.360000
v 12.290000 18.325000 -11.260000
v 11.710000 18.325000 -11.260000
v 11.710000 19.875000 -11.360000
v 12.290000 19.875000 -11.360000
v 12.290000 19.875000 -11.260000
v 11.710000 19.875000 -11.260000
v 14.410000 18.325000 -11.360000
v 14.990000 18.325000 -11.360000
v 14.990000 18.325000 -11.260000
v 14.410000 18.325000 -11.260000
v 14.410000 19.875000 -11.360000
v 14.990000 19.875000 -11.360000
v 14.990000 19.875000 -11.260000
v 14.410000 19.875000 -11.260000
v 17.110000 18.325000 -11.360000
v 17.690000 18.325000 -11.360000
v 17.690000 18.325000 -11.260000
v 17.110000 18.325000 -11.260000
v 17.110000 19.875000 -11.360000
v 17.690000 19.875000 -11.360000
v 17.690000 19.875000 -11.260000
v 17.110000 19.875000 -11.260000
v 19.810000 18.325000 -11.360000
v 20.390000 18.325000 -11.360000
v 20.390000 18.325000 -11.260000
v 19.810000 18.325000 -11.260000
v 19.810000 19.875000 -11.360000
v 20.390000 19.875000 -11.360000
v 20.390000 19.875000 -11.260000
v 19.810000 19.875000 -11.260000
v 22.510000 18.325000 -11.360000
v 23.090000 18.325000 -11.360000
v 23.090000 18.325000 -11.260000
v 22.510000 18.325000 -11.260000
v 22.510000 19.875000 -11.360000
v 23.090000 19.875000 -11.360000
v 23.090000 19.875000 -11.260000
v 22.510000 19.875000 -11.260000
v -0.275000 9.500000 -11.540000
v 0.275000 9.500000 -11.540000
v 0.275000 9.500000 -11.300000
v -0.275000 9.500000 -11.300000
v -0.275000 36.500000 -11.540000
v 0.275000 36.500000 -11.540000
v 0.275000 36.500000 -11.300000
v -0.275000 36.500000 -11.300000
v -1.225000 10.500000 -11.470000
v -1.075000 10.500000 -11.470000
v -1.075000 10.500000 -11.290000
v -1.225000 10.500000 -11.290000
v -1.225000 33.500000 -11.470000
v -1.075000 33.500000 -11.470000
v -1.075000 33.500000 -11.290000
v -1.225000 33.500000 -11.290000
v 1.075000 10.500000 -11.470000
v 1.225000 10.500000 -11.470000
v 1.225000 10.500000 -11.290000
v 1.075000 10.500000 -11.290000
v 1.075000 33.500000 -11.470000
v 1.225000 33.500000 -11.470000
v 1.225000 33.500000 -11.290000
v 1.075000 33.500000 -11.290000
v -2.500000 10.830000 -11.465000
v 2.500000 10.830000 -11.465000
v 2.500000 10.830000 -11.115000
v -2.500000 10.830000 -11.115000
v -2.500000 11.170000 -11.465000
v 2.500000 11.170000 -11.465000
v 2.500000 11.170000 -11.115000
v -2.500000 11.170000 -11.115000
v -3.100000 15.830000 -11.465000
v 3.100000 15.830000 -11.465000
v 3.100000 15.830000 -11.115000
v -3.100000 15.830000 -11.115000
v -3.100000 16.170000 -11.465000
v 3.100000 16.170000 -11.465000
v 3.100000 16.170000 -11.115000
v -3.100000 16.170000 -11.115000
v -2.800000 26.830000 -11.465000
v 2.800000 26.830000 -11.465000
v 2.800000 26.830000 -11.115000
v -2.800000 26.830000 -11.115000
v -2.800000 27.170000 -11.465000
v 2.800000 27.170000 -11.465000
v 2.800000 27.170000 -11.115000
v -2.800000 27.170000 -11.115000
v -2.400000 32.830000 -11.465000
v 2.400000 32.830000 -11.465000
v 2.400000 32.830000 -11.115000
v -2.400000 32.830000 -11.115000
v -2.400000 33.170000 -11.465000
v 2.400000 33.170000 -11.465000
v 2.400000 33.170000 -11.115000
v -2.400000 33.170000 -11.115000
v 3.620000 34.600000 -11.650000
v 3.540919 34.600000 -11.459081
v 3.350000 34.600000 -11.380000
v 3.159081 34.600000 -11.459081
v 3.080000 34.600000 -11.650000
v 3.159081 34.600000 -11.840919
v 3.350000 34.600000 -11.920000
v 3.540919 34.600000 -11.840919
v 3.575432 35.166293 -11.650000
v 3.497324 35.153922 -11.459081
v 3.308756 35.124055 -11.380000
v 3.120188 35.094189 -11.459081
v 3.042080 35.081818 -11.650000
v 3.120188 35.094189 -11.840919
v 3.308756 35.124055 -11.920000
v 3.497324 35.153922 -11.840919
v 3.442825 35.718642 -11.650000
v 3.367614 35.694204 -11.459081
v 3.186039 35.635207 -11.380000
v 3.004465 35.576210 -11.459081
v 2.929254 35.551772 -11.650000
v 3.004465 35.576210 -11.840919
v 3.186039 35.635207 -11.920000
v 3.367614 35.694204 -11.840919
v 3.225444 36.243446 -11.650000
v 3.154982 36.207544 -11.459081
v 2.984872 36.120868 -11.380000
v 2.814762 36.034193 -11.459081
v 2.744300 35.998291 -11.650000
v 2.814762 36.034193 -11.840919
v 2.984872 36.120868 -11.920000
v 3.154982 36.207544 -11.840919
v 2.928642 36.727783 -11.650000
v 2.864664 36.681300 -11.459081
v 2.710207 36.569081 -11.380000
v 2.555750 36.456861 -11.459081
v 2.491772 36.410379 -11.650000
v 2.555750 36.456861 -11.840919
v 2.710207 36.569081 -11.920000
v 2.864664 36.681300 -11.840919
v 2.559727 37.159727 -11.650000
v 2.503808 37.103808 -11.459081
v 2.368808 36.968808 -11.380000
v 2.233808 36.833808 -11.459081
v 2.177889 36.777889 -11.650000
v 2.233808 36.833808 -11.840919
v 2.368808 36.968808 -11.920000
v 2.503808 37.103808 -11.840919
v 2.127783 37.528642 -11.650000
v 2.081300 37.464664 -11.459081
v 1.969081 37.310207 -11.380000
v 1.856861 37.155750 -11.459081
v 1.810379 37.091772 -11.650000
v 1.856861 37.155750 -11.840919
v 1.969081 37.310207 -11.920000
v 2.081300 37.464664 -11.840919
v 1.643446 37.825444 -11.650000
v 1.607544 37.754982 -11.459081
v 1.520868 37.584872 -11.380000
v 1.434193 37.414762 -11.459081
v 1.398291 37.344300 -11.650000
v 1.434193 37.414762 -11.840919
v 1.520868 37.584872 -11.920000
v 1.607544 37.754982 -11.840919
v 1.118642 38.042825 -11.650000
v 1.094204 37.967614 -11.459081
v 1.035207 37.786039 -11.380000
v 0.976210 37.604465 -11.459081
v 0.951772 37.529254 -11.650000
v 0.976210 37.604465 -11.840919
v 1.035207 37.786039 -11.920000
v 1.094204 37.967614 -11.840919
v 0.566293 38.175432 -11.650000
v 0.553922 38.097324 -11.459081
v 0.524055 37.908756 -11.380000
v 0.494189 37.720188 -11.459081
v 0.481818 37.642080 -11.650000
v 0.494189 37.720188 -11.840919
v 0.524055 37.908756 -11.920000
v 0.553922 38.097324 -11.840919
v 0.000000 38.220000 -11.650000
v 0.000000 38.140919 -11.459081
v 0.000000 37.950000 -11.380000
v 0.000000 37.759081 -11.459081
v 0.000000 37.680000 -11.650000
v 0.000000 37.759081 -11.840919
v 0.000000 37.950000 -11.920000
v 0.000000 38.140919 -11.840919
v -0.566293 38.175432 -11.650000
v -0.553922 38.097324 -11.459081
v -0.524055 37.908756 -11.380000
v -0.494189 37.720188 -11.459081
v -0.481818 37.642080 -11.650000
v -0.494189 37.720188 -11.840919
v -0.524055 37.908756 -11.920000
v -0.553922 38.097324 -11.840919
v -1.118642 38.042825 -11.650000
v -1.094204 37.967614 -11.459081
v -1.035207 37.786039 -11.380000
v -0.976210 37.604465 -11.459081
v -0.951772 37.529254 -11.650000
v -0.976210 37.604465 -11.840919
v -1.035207 37.786039 -11.920000
v -1.094204 37.967614 -11.840919
v -1.643446 37.825444 -11.650000
v -1.607544 37.754982 -11.459081
v -1.520868 37.584872 -11.380000
v -1.434193 37.414762 -11.459081
v -1.398291 37.344300 -11.650000
v -1.434193 37.414762 -11.840919
v -1.520868 37.584872 -11.920000
v -1.607544 37.754982 -11.840919
v -2.127783 37.528642 -11.650000
v -2.081300 37.464664 -11.459081
v -1.969081 37.310207 -11.380000
v -1.856861 37.155750 -11.459081
v -1.810379 37.091772 -11.650000
v -1.856861 37.155750 -11.840919
v -1.969081 37.310207 -11.920000
v -2.081300 37.464664 -11.840919
v -2.559727 37.159727 -11.650000
v -2.503808 37.103808 -11.459081
v -2.368808 36.968808 -11.380000
v -2.233808 36.833808 -11.459081
v -2.177889 36.777889 -11.650000
v -2.233808 36.833808 -11.840919
v -2.368808 36.968808 -11.920000
v -2.503808 37.103808 -11.840919
v -2.928642 36.727783 -11.650000
v -2.864664 36.681300 -11.459081
v -2.710207 36.569081 -11.380000
v -2.555750 36.456861 -11.459081
v -2.491772 36.410379 -11.650000
v -2.555750 36.456861 -11.840919
v -2.710207 36.569081 -11.920000
v -2.864664 36.681300 -11.840919
v -3.225444 36.243446 -11.650000
v -3.154982 36.207544 -11.459081
v -2.984872 36.120868 -11.380000
v -2.814762 36.034193 -11.459081
v -2.744300 35.998291 -11.650000
v -2.814762 36.034193 -11.840919
v -2.984872 36.120868 -11.920000
v -3.154982 36.207544 -11.840919
v -3.442825 35.718642 -11.650000
v -3.367614 35.694204 -11.459081
v -3.186039 35.635207 -11.380000
v -3.004465 35.576210 -11.459081
v -2.929254 35.551772 -11.650000
v -3.004465 35.576210 -11.840919
v -3.186039 35.635207 -11.920000
v -3.367614 35.694204 -11.840919
v -3.575432 35.166293 -11.650000
v -3.497324 35.153922 -11.459081
v -3.308756 35.124055 -11.380000
v -3.120188 35.094189 -11.459081
v -3.042080 35.081818 -11.650000
v -3.120188 35.094189 -11.840919
v -3.308756 35.124055 -11.920000
v -3.497324 35.153922 -11.840919
v -3.620000 34.600000 -11.650000
v -3.540919 34.600000 -11.459081
v -3.350000 34.600000 -11.380000
v -3.159081 34.600000 -11.459081
v -3.080000 34.600000 -11.650000
v -3.159081 34.600000 -11.840919
v -3.350000 34.600000 -11.920000
v -3.540919 34.600000 -11.840919
v -3.575432 34.033707 -11.650000
v -3.497324 34.046078 -11.459081
v -3.308756 34.075945 -11.380000
v -3.120188 34.105811 -11.459081
v -3.042080 34.118182 -11.650000
v -3.120188 34.105811 -11.840919
v -3.308756 34.075945 -11.920000
v -3.497324 34.046078 -11.840919
v -3.442825 33.481358 -11.650000
v -3.367614 33.505796 -11.459081
v -3.186039 33.564793 -11.380000
v -3.004465 33.623790 -11.459081
v -2.929254 33.648228 -11.650000
v -3.004465 33.623790 -11.840919
v -3.186039 33.564793 -11.920000
v -3.367614 33.505796 -11.840919
v -3.225444 32.956554 -11.650000
v -3.154982 32.992456 -11.459081
v -2.984872 33.079132 -11.380000
v -2.814762 33.165807 -11.459081
v -2.744300 33.201709 -11.650000
v -2.814762 33.165807 -11.840919
v -2.984872 33.079132 -11.920000
v -3.154982 32.992456 -11.840919
v -2.928642 32.472217 -11.650000
v -2.864664 32.518700 -11.459081
v -2.710207 32.630919 -11.380000
v -2.555750 32.743139 -11.459081
v -2.491772 32.789621 -11.650000
v -2.555750 32.743139 -11.840919
v -2.710207 32.630919 -11.920000
v -2.864664 32.518700 -11.840919
v -2.559727 32.040273 -11.650000
v -2.503808 32.096192 -11.459081
v -2.368808 32.231192 -11.380000
v -2.233808 32.366192 -11.459081
v -2.177889 32.422111 -11.650000
v -2.233808 32.366192 -11.840919
v -2.368808 32.231192 -11.920000
v -2.503808 32.096192 -11.840919
v -2.127783 31.671358 -11.650000
v -2.081300 31.735336 -11.459081
v -1.969081 31.889793 -11.380000
v -1.856861 32.044250 -11.459081
v -1.810379 32.108228 -11.650000
v -1.856861 32.044250 -11.840919
v -1.969081 31.889793 -11.920000
v -2.081300 31.735336 -11.840919
v -1.643446 31.374556 -11.650000
v -1.607544 31.445018 -11.459081
v -1.520868 31.615128 -11.380000
v -1.434193 31.785238 -11.459081
v -1.398291 31.855700 -11.650000
v -1.434193 31.785238 -11.840919
v -1.520868 31.615128 -11.920000
v -1.607544 31.445018 -11.840919
v -1.118642 31.157175 -11.650000
v -1.094204 31.232386 -11.459081
v -1.035207 31.413961 -11.380000
v -0.976210 31.595535 -11.459081
v -0.951772 31.670746 -11.650000
v -0.976210 31.595535 -11.840919
v -1.035207 31.413961 -11.920000
v -1.094204 31.232386 -11.840919
v -0.566293 31.024568 -11.650000
v -0.553922 31.102676 -11.459081
v -0.524055 31.291244 -11.380000
v -0.494189 31.479812 -11.459081
v -0.481818 31.557920 -11.650000
v -0.494189 31.479812 -11.840919
v -0.524055 31.291244 -11.920000
v -0.553922 31.102676 -11.840919
v -0.000000 30.980000 -11.650000
v -0.000000 31.059081 -11.459081
v -0.000000 31.250000 -11.380000
v -0.000000 31.440919 -11.459081
v -0.000000 31.520000 -11.650000
v -0.000000 31.440919 -11.840919
v -0.000000 31.250000 -11.920000
v -0.000000 31.059081 -11.840919
v 0.566293 31.024568 -11.650000
v 0.553922 31.102676 -11.459081
v 0.524055 31.291244 -11.380000
v 0.494189 31.479812 -11.459081
v 0.481818 31.557920 -11.650000
v 0.494189 31.479812 -11.840919
v 0.524055 31.291244 -11.920000
v 0.553922 31.102676 -11.840919
v 1.118642 31.157175 -11.650000
v 1.094204 31.232386 -11.459081
v 1.035207 31.413961 -11.380000
v 0.976210 31.595535 -11.459081
v 0.951772 31.670746 -11.650000
v 0.976210 31.595535 -11.840919
v 1.035207 31.413961 -11.920000
v 1.094204 31.232386 -11.840919
v 1.643446 31.374556 -11.650000
v 1.607544 31.445018 -11.459081
v 1.520868 31.615128 -11.380000
v 1.434193 31.785238 -11.459081
v 1.398291 31.855700 -11.650000
v 1.434193 31.785238 -11.840919
v 1.520868 31.615128 -11.920000
v 1.607544 31.445018 -11.840919
v 2.127783 31.671358 -11.650000
v 2.081300 31.735336 -11.459081
v 1.969081 31.889793 -11.380000
v 1.856861 32.044250 -11.459081
v 1.810379 32.108228 -11.650000
v 1.856861 32.044250 -11.840919
v 1.969081 31.889793 -11.920000
v 2.081300 31.735336 -11.840919
v 2.559727 32.040273 -11.650000
v 2.503808 32.096192 -11.459081
v 2.368808 32.231192 -11.380000
v 2.233808 32.366192 -11.459081
v 2.177889 32.422111 -11.650000
v 2.233808 32.366192 -11.840919
v 2.368808 32.231192 -11.920000
v 2.503808 32.096192 -11.840919
v 2.928642 32.472217 -11.650000
v 2.864664 32.518700 -11.459081
v 2.710207 32.630919 -11.380000
v 2.555750 32.743139 -11.459081
v 2.491772 32.789621 -11.650000
v 2.555750 32.743139 -11.840919
v 2.710207 32.630919 -11.920000
v 2.864664 32.518700 -11.840919
v 3.225444 32.956554 -11.650000
v 3.154982 32.992456 -11.459081
v 2.984872 33.079132 -11.380000
v 2.814762 33.165807 -11.459081
v 2.744300 33.201709 -11.650000
v 2.814762 33.165807 -11.840919
v 2.984872 33.079132 -11.920000
v 3.154982 32.992456 -11.840919
v 3.442825 33.481358 -11.650000
v 3.367614 33.505796 -11.459081
v 3.186039 33.564793 -11.380000
v 3.004465 33.623790 -11.459081
v 2.929254 33.648228 -11.650000
v 3.004465 33.623790 -11.840919
v 3.186039 33.564793 -11.920000
v 3.367614 33.505796 -11.840919
v 3.575432 34.033707 -11.650000
v 3.497324 34.046078 -11.459081
v 3.308756 34.075945 -11.380000
v 3.120188 34.105811 -11.459081
v 3.042080 34.118182 -11.650000
v 3.120188 34.105811 -11.840919
v 3.308756 34.075945 -11.920000
v 3.497324 34.046078 -11.840919
v 2.490000 34.600000 -11.670000
v 2.420000 34.600000 -11.548756
v 2.280000 34.600000 -11.548756
v 2.210000 34.600000 -11.670000
v 2.280000 34.600000 -11.791244
v 2.420000 34.600000 -11.791244
v 2.442155 35.085775 -11.670000
v 2.373500 35.072119 -11.548756
v 2.236190 35.044806 -11.548756
v 2.167535 35.031150 -11.670000
v 2.236190 35.044806 -11.791244
v 2.373500 35.072119 -11.791244
v 2.300460 35.552882 -11.670000
v 2.235788 35.526094 -11.548756
v 2.106445 35.472518 -11.548756
v 2.041774 35.445730 -11.670000
v 2.106445 35.472518 -11.791244
v 2.235788 35.526094 -11.791244
v 2.070359 35.983370 -11.670000
v 2.012156 35.944480 -11.548756
v 1.895751 35.866700 -11.548756
v 1.837548 35.827810 -11.670000
v 1.895751 35.866700 -11.791244
v 2.012156 35.944480 -11.791244
v 1.760696 36.360696 -11.670000
v 1.711198 36.311198 -11.548756
v 1.612203 36.212203 -11.548756
v 1.562706 36.162706 -11.670000
v 1.612203 36.212203 -11.791244
v 1.711198 36.311198 -11.791244
v 1.383370 36.670359 -11.670000
v 1.344480 36.612156 -11.548756
v 1.266700 36.495751 -11.548756
v 1.227810 36.437548 -11.670000
v 1.266700 36.495751 -11.791244
v 1.344480 36.612156 -11.791244
v 0.952882 36.900460 -11.670000
v 0.926094 36.835788 -11.548756
v 0.872518 36.706445 -11.548756
v 0.845730 36.641774 -11.670000
v 0.872518 36.706445 -11.791244
v 0.926094 36.835788 -11.791244
v 0.485775 37.042155 -11.670000
v 0.472119 36.973500 -11.548756
v 0.444806 36.836190 -11.548756
v 0.431150 36.767535 -11.670000
v 0.444806 36.836190 -11.791244
v 0.472119 36.973500 -11.791244
v 0.000000 37.090000 -11.670000
v 0.000000 37.020000 -11.548756
v 0.000000 36.880000 -11.548756
v 0.000000 36.810000 -11.670000
v 0.000000 36.880000 -11.791244
v 0.000000 37.020000 -11.791244
v -0.485775 37.042155 -11.670000
v -0.472119 36.973500 -11.548756
v -0.444806 36.836190 -11.548756
v -0.431150 36.767535 -11.670000
v -0.444806 36.836190 -11.791244
v -0.472119 36.973500 -11.791244
v -0.952882 36.900460 -11.670000
v -0.926094 36.835788 -11.548756
v -0.872518 36.706445 -11.548756
v -0.845730 36.641774 -11.670000
v -0.872518 36.706445 -11.791244
v -0.926094 36.835788 -11.791244
v -1.383370 36.670359 -11.670000
v -1.344480 36.612156 -11.548756
v -1.266700 36.495751 -11.548756
v -1.227810 36.437548 -11.670000
v -1.266700 36.495751 -11.791244
v -1.344480 36.612156 -11.791244
v -1.760696 36.360696 -11.670000
v -1.711198 36.311198 -11.548756
v -1.612203 36.212203 -11.548756
v -1.562706 36.162706 -11.670000
v -1.612203 36.212203 -11.791244
v -1.711198 36.311198 -11.791244
v -2.070359 35.983370 -11.670000
v -2.012156 35.944480 -11.548756
v -1.895751 35.866700 -11.548756
v -1.837548 35.827810 -11.670000
v -1.895751 35.866700 -11.791244
v -2.012156 35.944480 -11.791244
v -2.300460 35.552882 -11.670000
v -2.235788 35.526094 -11.548756
v -2.106445 35.472518 -11.548756
v -2.041774 35.445730 -11.670000
v -2.106445 35.472518 -11.791244
v -2.235788 35.526094 -11.791244
v -2.442155 35.085775 -11.670000
v -2.373500 35.072119 -11.548756
v -2.236190 35.044806 -11.548756
v -2.167535 35.031150 -11.670000
v -2.236190 35.044806 -11.791244
v -2.373500 35.072119 -11.791244
v -2.490000 34.600000 -11.670000
v -2.420000 34.600000 -11.548756
v -2.280000 34.600000 -11.548756
v -2.210000 34.600000 -11.670000
v -2.280000 34.600000 -11.791244
v -2.420000 34.600000 -11.791244
v -2.442155 34.114225 -11.670000
v -2.373500 34.127881 -11.548756
v -2.236190 34.155194 -11.548756
v -2.167535 34.168850 -11.670000
v -2.236190 34.155194 -11.791244
v -2.373500 34.127881 -11.791244
v -2.300460 33.647118 -11.670000
v -2.235788 33.673906 -11.548756
v -2.106445 33.727482 -11.548756
v -2.041774 33.754270 -11.670000
v -2.106445 33.727482 -11.791244
v -2.235788 33.673906 -11.791244
v -2.070359 33.216630 -11.670000
v -2.012156 33.255520 -11.548756
v -1.895751 33.333300 -11.548756
v -1.837548 33.372190 -11.670000
v -1.895751 33.333300 -11.791244
v -2.012156 33.255520 -11.791244
v -1.760696 32.839304 -11.670000
v -1.711198 32.888802 -11.548756
v -1.612203 32.987797 -11.548756
v -1.562706 33.037294 -11.670000
v -1.612203 32.987797 -11.791244
v -1.711198 32.888802 -11.791244
v -1.383370 32.529641 -11.670000
v -1.344480 32.587844 -11.548756
v -1.266700 32.704249 -11.548756
v -1.227810 32.762452 -11.670000
v -1.266700 32.704249 -11.791244
v -1.344480 32.587844 -11.791244
v -0.952882 32.299540 -11.670000
v -0.926094 32.364212 -11.548756
v -0.872518 32.493555 -11.548756
v -0.845730 32.558226 -11.670000
v -0.872518 32.493555 -11.791244
v -0.926094 32.364212 -11.791244
v -0.485775 32.157845 -11.670000
v -0.472119 32.226500 -11.548756
v -0.444806 32.363810 -11.548756
v -0.431150 32.432465 -11.670000
v -0.444806 32.363810 -11.791244
v -0.472119 32.226500 -11.791244
v -0.000000 32.110000 -11.670000
v -0.000000 32.180000 -11.548756
v -0.000000 32.320000 -11.548756
v -0.000000 32.390000 -11.670000
v -0.000000 32.320000 -11.791244
v -0.000000 32.180000 -11.791244
v 0.485775 32.157845 -11.670000
v 0.472119 32.226500 -11.548756
v 0.444806 32.363810 -11.548756
v 0.431150 32.432465 -11.670000
v 0.444806 32.363810 -11.791244
v 0.472119 32.226500 -11.791244
v 0.952882 32.299540 -11.670000
v 0.926094 32.364212 -11.548756
v 0.872518 32.493555 -11.548756
v 0.845730 32.558226 -11.670000
v 0.872518 32.493555 -11.791244
v 0.926094 32.364212 -11.791244
v 1.383370 32.529641 -11.670000
v 1.344480 32.587844 -11.548756
v 1.266700 32.704249 -11.548756
v 1.227810 32.762452 -11.670000
v 1.266700 32.704249 -11.791244
v 1.344480 32.587844 -11.791244
v 1.760696 32.839304 -11.670000
v 1.711198 32.888802 -11.548756
v 1.612203 32.987797 -11.548756
v 1.562706 33.037294 -11.670000
v 1.612203 32.987797 -11.791244
v 1.711198 32.888802 -11.791244
v 2.070359 33.216630 -11.670000
v 2.012156 33.255520 -11.548756
v 1.895751 33.333300 -11.548756
v 1.837548 33.372190 -11.670000
v 1.895751 33.333300 -11.791244
v 2.012156 33.255520 -11.791244
v 2.300460 33.647118 -11.670000
v 2.235788 33.673906 -11.548756
v 2.106445 33.727482 -11.548756
v 2.041774 33.754270 -11.670000
v 2.106445 33.727482 -11.791244
v 2.235788 33.673906 -11.791244
v 2.442155 34.114225 -11.670000
v 2.373500 34.127881 -11.548756
v 2.236190 34.155194 -11.548756
v 2.167535 34.168850 -11.670000
v 2.236190 34.155194 -11.791244
v 2.373500 34.127881 -11.791244
v 0.000000 30.400000 -11.880000
v -0.117557 30.400000 -11.841803
v -0.190211 30.400000 -11.741803
v -0.190211 30.400000 -11.618197
v -0.117557 30.400000 -11.518197
v -0.000000 30.400000 -11.480000
v 0.117557 30.400000 -11.518197
v 0.190211 30.400000 -11.618197
v 0.190211 30.400000 -11.741803
v 0.117557 30.400000 -11.841803
v 0.000000 38.800000 -11.880000
v -0.117557 38.800000 -11.841803
v -0.190211 38.800000 -11.741803
v -0.190211 38.800000 -11.618197
v -0.117557 38.800000 -11.518197
v -0.000000 38.800000 -11.480000
v 0.117557 38.800000 -11.518197
v 0.190211 38.800000 -11.618197
v 0.190211 38.800000 -11.741803
v 0.117557 38.800000 -11.841803
v -2.200000 34.600000 -11.560000
v -2.200000 34.515147 -11.595147
v -2.200000 34.480000 -11.680000
v -2.200000 34.515147 -11.764853
v -2.200000 34.600000 -11.800000
v -2.200000 34.684853 -11.764853
v -2.200000 34.720000 -11.680000
v -2.200000 34.684853 -11.595147
v -0.650000 34.600000 -11.560000
v -0.650000 34.515147 -11.595147
v -0.650000 34.480000 -11.680000
v -0.650000 34.515147 -11.764853
v -0.650000 34.600000 -11.800000
v -0.650000 34.684853 -11.764853
v -0.650000 34.720000 -11.680000
v -0.650000 34.684853 -11.595147
v 0.650000 34.600000 -11.560000
v 0.650000 34.515147 -11.595147
v 0.650000 34.480000 -11.680000
v 0.650000 34.515147 -11.764853
v 0.650000 34.600000 -11.800000
v 0.650000 34.684853 -11.764853
v 0.650000 34.720000 -11.680000
v 0.650000 34.684853 -11.595147
v 2.200000 34.600000 -11.560000
v 2.200000 34.515147 -11.595147
v 2.200000 34.480000 -11.680000
v 2.200000 34.515147 -11.764853
v 2.200000 34.600000 -11.800000
v 2.200000 34.684853 -11.764853
v 2.200000 34.720000 -11.680000
v 2.200000 34.684853 -11.595147
v -9.631123 0.000000 -11.236008
v -8.434046 0.000000 -11.152300
v -8.768877 0.000000 -6.363992
v -9.965954 0.000000 -6.447700
v -9.631123 28.000000 -11.236008
v -8.434046 28.000000 -11.152300
v -8.768877 28.000000 -6.363992
v -9.965954 28.000000 -6.447700
v -7.800000 2.000000 -11.880000
v -7.894046 2.000000 -11.849443
v -7.952169 2.000000 -11.769443
v -7.952169 2.000000 -11.670557
v -7.894046 2.000000 -11.590557
v -7.800000 2.000000 -11.560000
v -7.705954 2.000000 -11.590557
v -7.647831 2.000000 -11.670557
v -7.647831 2.000000 -11.769443
v -7.705954 2.000000 -11.849443
v -7.800000 17.500000 -11.880000
v -7.894046 17.500000 -11.849443
v -7.952169 17.500000 -11.769443
v -7.952169 17.500000 -11.670557
v -7.894046 17.500000 -11.590557
v -7.800000 17.500000 -11.560000
v -7.705954 17.500000 -11.590557
v -7.647831 17.500000 -11.670557
v -7.647831 17.500000 -11.769443
v -7.705954 17.500000 -11.849443
v -7.800000 17.500000 -11.560000
v -7.733500 17.433500 -11.590557
v -7.692400 17.392400 -11.670557
v -7.692400 17.392400 -11.769443
v -7.733500 17.433500 -11.849443
v -7.800000 17.500000 -11.880000
v -7.866500 17.566500 -11.849443
v -7.907600 17.607600 -11.769443
v -7.907600 17.607600 -11.670557
v -7.866500 17.566500 -11.590557
v -6.700000 18.600000 -11.560000
v -6.633500 18.533500 -11.590557
v -6.592400 18.492400 -11.670557
v -6.592400 18.492400 -11.769443
v -6.633500 18.533500 -11.849443
v -6.700000 18.600000 -11.880000
v -6.766500 18.666500 -11.849443
v -6.807600 18.707600 -11.769443
v -6.807600 18.707600 -11.670557
v -6.766500 18.666500 -11.590557
v -13.750000 3.750000 -11.600000
v -12.250000 3.750000 -11.600000
v -12.250000 3.750000 -11.360000
v -13.750000 3.750000 -11.360000
v -13.750000 5.850000 -11.600000
v -12.250000 5.850000 -11.600000
v -12.250000 5.850000 -11.360000
v -13.750000 5.850000 -11.360000
v -13.850000 14.825000 -11.620000
v -12.150000 14.825000 -11.620000
v -12.150000 14.825000 -11.340000
v -13.850000 14.825000 -11.340000
v -13.850000 15.775000 -11.620000
v -12.150000 15.775000 -11.620000
v -12.150000 15.775000 -11.340000
v -13.850000 15.775000 -11.340000
v -13.675000 14.960000 -11.700000
v -12.325000 14.960000 -11.700000
v -12.325000 14.960000 -11.620000
v -13.675000 14.960000 -11.620000
v -13.675000 15.040000 -11.700000
v -12.325000 15.040000 -11.700000
v -12.325000 15.040000 -11.620000
v -13.675000 15.040000 -11.620000
v -13.675000 15.260000 -11.700000
v -12.325000 15.260000 -11.700000
v -12.325000 15.260000 -11.620000
v -13.675000 15.260000 -11.620000
v -13.675000 15.340000 -11.700000
v -12.325000 15.340000 -11.700000
v -12.325000 15.340000 -11.620000
v -13.675000 15.340000 -11.620000
v -13.675000 15.560000 -11.700000
v -12.325000 15.560000 -11.700000
v -12.325000 15.560000 -11.620000
v -13.675000 15.560000 -11.620000
v -13.675000 15.640000 -11.700000
v -12.325000 15.640000 -11.700000
v -12.325000 15.640000 -11.620000
v -13.675000 15.640000 -11.620000
v -18.750000 3.750000 -11.600000
v -17.250000 3.750000 -11.600000
v -17.250000 3.750000 -11.360000
v -18.750000 3.750000 -11.360000
v -18.750000 5.850000 -11.600000
v -17.250000 5.850000 -11.600000
v -17.250000 5.850000 -11.360000
v -18.750000 5.850000 -11.360000
v -18.850000 14.825000 -11.620000
v -17.150000 14.825000 -11.620000
v -17.150000 14.825000 -11.340000
v -18.850000 14.825000 -11.340000
v -18.850000 15.775000 -11.620000
v -17.150000 15.775000 -11.620000
v -17.150000 15.775000 -11.340000
v -18.850000 15.775000 -11.340000
v -18.675000 14.960000 -11.700000
v -17.325000 14.960000 -11.700000
v -17.325000 14.960000 -11.620000
v -18.675000 14.960000 -11.620000
v -18.675000 15.040000 -11.700000
v -17.325000 15.040000 -11.700000
v -17.325000 15.040000 -11.620000
v -18.675000 15.040000 -11.620000
v -18.675000 15.260000 -11.700000
v -17.325000 15.260000 -11.700000
v -17.325000 15.260000 -11.620000
v -18.675000 15.260000 -11.620000
v -18.675000 15.340000 -11.700000
v -17.325000 15.340000 -11.700000
v -17.325000 15.340000 -11.620000
v -18.675000 15.340000 -11.620000
v -18.675000 15.560000 -11.700000
v -17.325000 15.560000 -11.700000
v -17.325000 15.560000 -11.620000
v -18.675000 15.560000 -11.620000
v -18.675000 15.640000 -11.700000
v -17.325000 15.640000 -11.700000
v -17.325000 15.640000 -11.620000
v -18.675000 15.640000 -11.620000
v -23.750000 3.750000 -11.600000
v -22.250000 3.750000 -11.600000
v -22.250000 3.750000 -11.360000
v -23.750000 3.750000 -11.360000
v -23.750000 5.850000 -11.600000
v -22.250000 5.850000 -11.600000
v -22.250000 5.850000 -11.360000
v -23.750000 5.850000 -11.360000
v -23.850000 14.825000 -11.620000
v -22.150000 14.825000 -11.620000
v -22.150000 14.825000 -11.340000
v -23.850000 14.825000 -11.340000
v -23.850000 15.775000 -11.620000
v -22.150000 15.775000 -11.620000
v -22.150000 15.775000 -11.340000
v -23.850000 15.775000 -11.340000
v -23.675000 14.960000 -11.700000
v -22.325000 14.960000 -11.700000
v -22.325000 14.960000 -11.620000
v -23.675000 14.960000 -11.620000
v -23.675000 15.040000 -11.700000
v -22.325000 15.040000 -11.700000
v -22.325000 15.040000 -11.620000
v -23.675000 15.040000 -11.620000
v -23.675000 15.260000 -11.700000
v -22.325000 15.260000 -11.700000
v -22.325000 15.260000 -11.620000
v -23.675000 15.260000 -11.620000
v -23.675000 15.340000 -11.700000
v -22.325000 15.340000 -11.700000
v -22.325000 15.340000 -11.620000
v -23.675000 15.340000 -11.620000
v -23.675000 15.560000 -11.700000
v -22.325000 15.560000 -11.700000
v -22.325000 15.560000 -11.620000
v -23.675000 15.560000 -11.620000
v -23.675000 15.640000 -11.700000
v -22.325000 15.640000 -11.700000
v -22.325000 15.640000 -11.620000
v -23.675000 15.640000 -11.620000
v 8.434046 0.000000 -11.152300
v 9.631123 0.000000 -11.236008
v 9.965954 0.000000 -6.447700
v 8.768877 0.000000 -6.363992
v 8.434046 28.000000 -11.152300
v 9.631123 28.000000 -11.236008
v 9.965954 28.000000 -6.447700
v 8.768877 28.000000 -6.363992
v 7.800000 2.000000 -11.880000
v 7.705954 2.000000 -11.849443
v 7.647831 2.000000 -11.769443
v 7.647831 2.000000 -11.670557
v 7.705954 2.000000 -11.590557
v 7.800000 2.000000 -11.560000
v 7.894046 2.000000 -11.590557
v 7.952169 2.000000 -11.670557
v 7.952169 2.000000 -11.769443
v 7.894046 2.000000 -11.849443
v 7.800000 17.500000 -11.880000
v 7.705954 17.500000 -11.849443
v 7.647831 17.500000 -11.769443
v 7.647831 17.500000 -11.670557
v 7.705954 17.500000 -11.590557
v 7.800000 17.500000 -11.560000
v 7.894046 17.500000 -11.590557
v 7.952169 17.500000 -11.670557
v 7.952169 17.500000 -11.769443
v 7.894046 17.500000 -11.849443
v 7.800000 17.500000 -11.880000
v 7.733500 17.433500 -11.849443
v 7.692400 17.392400 -11.769443
v 7.692400 17.392400 -11.670557
v 7.733500 17.433500 -11.590557
v 7.800000 17.500000 -11.560000
v 7.866500 17.566500 -11.590557
v 7.907600 17.607600 -11.670557
v 7.907600 17.607600 -11.769443
v 7.866500 17.566500 -11.849443
v 6.700000 18.600000 -11.880000
v 6.633500 18.533500 -11.849443
v 6.592400 18.492400 -11.769443
v 6.592400 18.492400 -11.670557
v 6.633500 18.533500 -11.590557
v 6.700000 18.600000 -11.560000
v 6.766500 18.666500 -11.590557
v 6.807600 18.707600 -11.670557
v 6.807600 18.707600 -11.769443
v 6.766500 18.666500 -11.849443
v 12.250000 3.750000 -11.600000
v 13.750000 3.750000 -11.600000
v 13.750000 3.750000 -11.360000
v 12.250000 3.750000 -11.360000
v 12.250000 5.850000 -11.600000
v 13.750000 5.850000 -11.600000
v 13.750000 5.850000 -11.360000
v 12.250000 5.850000 -11.360000
v 12.150000 14.825000 -11.620000
v 13.850000 14.825000 -11.620000
v 13.850000 14.825000 -11.340000
v 12.150000 14.825000 -11.340000
v 12.150000 15.775000 -11.620000
v 13.850000 15.775000 -11.620000
v 13.850000 15.775000 -11.340000
v 12.150000 15.775000 -11.340000
v 12.325000 14.960000 -11.700000
v 13.675000 14.960000 -11.700000
v 13.675000 14.960000 -11.620000
v 12.325000 14.960000 -11.620000
v 12.325000 15.040000 -11.700000
v 13.675000 15.040000 -11.700000
v 13.675000 15.040000 -11.620000
v 12.325000 15.040000 -11.620000
v 12.325000 15.260000 -11.700000
v 13.675000 15.260000 -11.700000
v 13.675000 15.260000 -11.620000
v 12.325000 15.260000 -11.620000
v 12.325000 15.340000 -11.700000
v 13.675000 15.340000 -11.700000
v 13.675000 15.340000 -11.620000
v 12.325000 15.340000 -11.620000
v 12.325000 15.560000 -11.700000
v 13.675000 15.560000 -11.700000
v 13.675000 15.560000 -11.620000
v 12.325000 15.560000 -11.620000
v 12.325000 15.640000 -11.700000
v 13.675000 15.640000 -11.700000
v 13.675000 15.640000 -11.620000
v 12.325000 15.640000 -11.620000
v 17.250000 3.750000 -11.600000
v 18.750000 3.750000 -11.600000
v 18.750000 3.750000 -11.360000
v 17.250000 3.750000 -11.360000
v 17.250000 5.850000 -11.600000
v 18.750000 5.850000 -11.600000
v 18.750000 5.850000 -11.360000
v 17.250000 5.850000 -11.360000
v 17.150000 14.825000 -11.620000
v 18.850000 14.825000 -11.620000
v 18.850000 14.825000 -11.340000
v 17.150000 14.825000 -11.340000
v 17.150000 15.775000 -11.620000
v 18.850000 15.775000 -11.620000
v 18.850000 15.775000 -11.340000
v 17.150000 15.775000 -11.340000
v 17.325000 14.960000 -11.700000
v 18.675000 14.960000 -11.700000
v 18.675000 14.960000 -11.620000
v 17.325000 14.960000 -11.620000
v 17.325000 15.040000 -11.700000
v 18.675000 15.040000 -11.700000
v 18.675000 15.040000 -11.620000
v 17.325000 15.040000 -11.620000
v 17.325000 15.260000 -11.700000
v 18.675000 15.260000 -11.700000
v 18.675000 15.260000 -11.620000
v 17.325000 15.260000 -11.620000
v 17.325000 15.340000 -11.700000
v 18.675000 15.340000 -11.700000
v 18.675000 15.340000 -11.620000
v 17.325000 15.340000 -11.620000
v 17.325000 15.560000 -11.700000
v 18.675000 15.560000 -11.700000
v 18.675000 15.560000 -11.620000
v 17.325000 15.560000 -11.620000
v 17.325000 15.640000 -11.700000
v 18.675000 15.640000 -11.700000
v 18.675000 15.640000 -11.620000
v 17.325000 15.640000 -11.620000
v 22.250000 3.750000 -11.600000
v 23.750000 3.750000 -11.600000
v 23.750000 3.750000 -11.360000
v 22.250000 3.750000 -11.360000
v 22.250000 5.850000 -11.600000
v 23.750000 5.850000 -11.600000
v 23.750000 5.850000 -11.360000
v 22.250000 5.850000 -11.360000
v 22.150000 14.825000 -11.620000
v 23.850000 14.825000 -11.620000
v 23.850000 14.825000 -11.340000
v 22.150000 14.825000 -11.340000
v 22.150000 15.775000 -11.620000
v 23.850000 15.775000 -11.620000
v 23.850000 15.775000 -11.340000
v 22.150000 15.775000 -11.340000
v 22.325000 14.960000 -11.700000
v 23.675000 14.960000 -11.700000
v 23.675000 14.960000 -11.620000
v 22.325000 14.960000 -11.620000
v 22.325000 15.040000 -11.700000
v 23.675000 15.040000 -11.700000
v 23.675000 15.040000 -11.620000
v 22.325000 15.040000 -11.620000
v 22.325000 15.260000 -11.700000
v 23.675000 15.260000 -11.700000
v 23.675000 15.260000 -11.620000
v 22.325000 15.260000 -11.620000
v 22.325000 15.340000 -11.700000
v 23.675000 15.340000 -11.700000
v 23.675000 15.340000 -11.620000
v 22.325000 15.340000 -11.620000
v 22.325000 15.560000 -11.700000
v 23.675000 15.560000 -11.700000
v 23.675000 15.560000 -11.620000
v 22.325000 15.560000 -11.620000
v 22.325000 15.640000 -11.700000
v 23.675000 15.640000 -11.700000
v 23.675000 15.640000 -11.620000
v 22.325000 15.640000 -11.620000
v -6.320194 39.900000 -9.021339
v -5.131873 39.900000 -8.854331
v -5.479806 39.900000 -6.378661
v -6.668127 39.900000 -6.545669
v -6.320194 42.000000 -9.021339
v -5.131873 42.000000 -8.854331
v -5.479806 42.000000 -6.378661
v -6.668127 42.000000 -6.545669
v 4.099059 40.600000 -8.163266
v 5.077206 40.600000 -8.371177
v 5.700941 40.600000 -5.436734
v 4.722794 40.600000 -5.228823
v 4.099059 42.000000 -8.163266
v 5.077206 42.000000 -8.371177
v 5.700941 42.000000 -5.436734
v 4.722794 42.000000 -5.228823
v -6.000000 40.610644 -7.269186
v -6.048935 40.600172 -7.250053
v -6.069205 40.589599 -7.201600
v -6.048935 40.585119 -7.152210
v -6.000000 40.589356 -7.130814
v -5.951065 40.599828 -7.149947
v -5.930795 40.610401 -7.198400
v -5.951065 40.614881 -7.247790
v -6.200000 41.910644 -7.069186
v -6.248935 41.900172 -7.050053
v -6.269205 41.889599 -7.001600
v -6.248935 41.885119 -6.952210
v -6.200000 41.889356 -6.930814
v -6.151065 41.899828 -6.949947
v -6.130795 41.910401 -6.998400
v -6.151065 41.914881 -7.047790
v 5.000000 40.818418 -6.567533
v 4.951247 40.821274 -6.545503
v 4.931053 40.811668 -6.496818
v 4.951247 40.795227 -6.449996
v 5.000000 40.781582 -6.432467
v 5.048753 40.778726 -6.454497
v 5.068947 40.788332 -6.503182
v 5.048753 40.804773 -6.550004
v 5.200000 41.918418 -6.267533
v 5.151247 41.921274 -6.245503
v 5.131053 41.911668 -6.196818
v 5.151247 41.895227 -6.149996
v 5.200000 41.881582 -6.132467
v 5.248753 41.878726 -6.154497
v 5.268947 41.888332 -6.203182
v 5.248753 41.904773 -6.250004
v -21.202239 16.100000 -11.682019
v -18.825596 16.100000 -12.016035
v -18.797761 16.100000 -11.817981
v -21.174404 16.100000 -11.483965
v -21.202239 19.900000 -11.682019
v -18.825596 19.900000 -12.016035
v -18.797761 19.900000 -11.817981
v -21.174404 19.900000 -11.483965
v 14.464114 10.450000 -11.809317
v 16.552610 10.450000 -11.589807
v 16.535886 10.450000 -11.430683
v 14.447390 10.450000 -11.650193
v 14.464114 13.550000 -11.809317
v 16.552610 13.550000 -11.589807
v 16.535886 13.550000 -11.430683
v 14.447390 13.550000 -11.650193
v -7.422000 0.000000 -14.988000
v -7.188000 0.000000 -14.988000
v -7.188000 0.000000 -14.572000
v -7.422000 0.000000 -14.572000
v -7.422000 0.130000 -14.988000
v -7.188000 0.130000 -14.988000
v -7.188000 0.130000 -14.572000
v -7.422000 0.130000 -14.572000
v -6.706231 0.000000 -13.944166
v -6.387870 0.000000 -14.120636
v -6.135769 0.000000 -13.665834
v -6.454130 0.000000 -13.489364
v -6.706231 0.234000 -13.944166
v -6.387870 0.234000 -14.120636
v -6.135769 0.234000 -13.665834
v -6.454130 0.234000 -13.489364
v -5.932481 0.000000 -14.540867
v -5.670701 0.000000 -14.959803
v -5.141519 0.000000 -14.629133
v -5.403299 0.000000 -14.210197
v -5.932481 0.338000 -14.540867
v -5.670701 0.338000 -14.959803
v -5.141519 0.338000 -14.629133
v -5.403299 0.338000 -14.210197
v -7.204186 0.000000 -13.303871
v -7.171529 0.000000 -13.927015
v -6.963814 0.000000 -13.916129
v -6.996471 0.000000 -13.292985
v -7.204186 0.130000 -13.303871
v -7.171529 0.130000 -13.927015
v -6.963814 0.130000 -13.916129
v -6.996471 0.130000 -13.292985
v -6.373545 0.000000 -14.478922
v -6.163227 0.000000 -14.581501
v -6.026455 0.000000 -14.301078
v -6.236773 0.000000 -14.198499
v -6.373545 0.234000 -14.478922
v -6.163227 0.234000 -14.581501
v -6.026455 0.234000 -14.301078
v -6.236773 0.234000 -14.198499
v -5.590775 0.000000 -13.385218
v -5.381993 0.000000 -13.683390
v -5.041225 0.000000 -13.444782
v -5.250007 0.000000 -13.146610
v -5.590775 0.338000 -13.385218
v -5.381993 0.338000 -13.683390
v -5.041225 0.338000 -13.444782
v -5.250007 0.338000 -13.146610
v -7.147394 0.000000 -13.976530
v -7.095757 0.000000 -14.467824
v -6.578606 0.000000 -14.413470
v -6.630243 0.000000 -13.922176
v -7.147394 0.130000 -13.976530
v -7.095757 0.130000 -14.467824
v -6.578606 0.130000 -14.413470
v -6.630243 0.130000 -13.922176
v -6.388106 0.000000 -13.385289
v -5.813711 0.000000 -13.629106
v -5.569894 0.000000 -13.054711
v -6.144289 0.000000 -12.810894
v -6.388106 0.234000 -13.385289
v -5.813711 0.234000 -13.629106
v -5.569894 0.234000 -13.054711
v -6.144289 0.234000 -12.810894
v -5.248986 0.000000 -13.971832
v -5.104921 0.000000 -14.156226
v -4.941014 0.000000 -14.028168
v -5.085079 0.000000 -13.843774
v -5.248986 0.338000 -13.971832
v -5.104921 0.338000 -14.156226
v -4.941014 0.338000 -14.028168
v -5.085079 0.338000 -13.843774
v -6.824550 0.000000 -14.624644
v -6.767608 0.000000 -14.984163
v -6.459450 0.000000 -14.935356
v -6.516392 0.000000 -14.575837
v -6.824550 0.130000 -14.624644
v -6.767608 0.130000 -14.984163
v -6.459450 0.130000 -14.935356
v -6.516392 0.130000 -14.575837
v -6.061244 0.000000 -13.915977
v -5.597036 0.000000 -14.084935
v -5.454756 0.000000 -13.694023
v -5.918964 0.000000 -13.525065
v -6.061244 0.234000 -13.915977
v -5.597036 0.234000 -14.084935
v -5.454756 0.234000 -13.694023
v -5.918964 0.234000 -13.525065
v -7.705915 0.000000 -14.520106
v -7.296534 0.000000 -14.991045
v -6.904085 0.000000 -14.649894
v -7.313466 0.000000 -14.178955
v -7.705915 0.338000 -14.520106
v -7.296534 0.338000 -14.991045
v -6.904085 0.338000 -14.649894
v -7.313466 0.338000 -14.178955
v -6.750508 0.000000 -13.560425
v -6.701856 0.000000 -13.789312
v -6.091492 0.000000 -13.659575
v -6.140144 0.000000 -13.430688
v -6.750508 0.130000 -13.560425
v -6.701856 0.130000 -13.789312
v -6.091492 0.130000 -13.659575
v -6.140144 0.130000 -13.430688
v -5.741454 0.000000 -14.436244
v -5.393359 0.000000 -14.542667
v -5.332546 0.000000 -14.343756
v -5.680641 0.000000 -14.237333
v -5.741454 0.234000 -14.436244
v -5.393359 0.234000 -14.542667
v -5.332546 0.234000 -14.343756
v -5.680641 0.234000 -14.237333
v 16.966000 0.000000 -13.636000
v 17.164000 0.000000 -13.636000
v 17.164000 0.000000 -13.284000
v 16.966000 0.000000 -13.284000
v 16.966000 0.110000 -13.636000
v 17.164000 0.110000 -13.636000
v 17.164000 0.110000 -13.284000
v 16.966000 0.110000 -13.284000
v 17.571650 0.000000 -12.752756
v 17.841033 0.000000 -12.902077
v 18.054350 0.000000 -12.517244
v 17.784967 0.000000 -12.367923
v 17.571650 0.198000 -12.752756
v 17.841033 0.198000 -12.902077
v 18.054350 0.198000 -12.517244
v 17.784967 0.198000 -12.367923
v 18.226362 0.000000 -13.257657
v 18.447868 0.000000 -13.612141
v 18.895638 0.000000 -13.332343
v 18.674132 0.000000 -12.977859
v 18.226362 0.286000 -13.257657
v 18.447868 0.286000 -13.612141
v 18.895638 0.286000 -13.332343
v 18.674132 0.286000 -12.977859
v 17.150304 0.000000 -12.210967
v 17.177937 0.000000 -12.738244
v 17.353696 0.000000 -12.729033
v 17.326063 0.000000 -12.201756
v 17.150304 0.110000 -12.210967
v 17.177937 0.110000 -12.738244
v 17.353696 0.110000 -12.729033
v 17.326063 0.110000 -12.201756
v 17.853154 0.000000 -13.205242
v 18.031116 0.000000 -13.292040
v 18.146846 0.000000 -13.054758
v 17.968884 0.000000 -12.967960
v 17.853154 0.198000 -13.205242
v 18.031116 0.198000 -13.292040
v 18.146846 0.198000 -13.054758
v 17.968884 0.198000 -12.967960
v 18.515498 0.000000 -12.279800
v 18.692160 0.000000 -12.532099
v 18.980502 0.000000 -12.330200
v 18.803840 0.000000 -12.077901
v 18.515498 0.286000 -12.279800
v 18.692160 0.286000 -12.532099
v 18.980502 0.286000 -12.330200
v 18.803840 0.286000 -12.077901
v 17.198359 0.000000 -12.780141
v 17.242052 0.000000 -13.195851
v 17.679641 0.000000 -13.149859
v 17.635948 0.000000 -12.734149
v 17.198359 0.110000 -12.780141
v 17.242052 0.110000 -13.195851
v 17.679641 0.110000 -13.149859
v 17.635948 0.110000 -12.734149
v 17.840834 0.000000 -12.279860
v 18.326860 0.000000 -12.486166
v 18.533166 0.000000 -12.000140
v 18.047140 0.000000 -11.793834
v 17.840834 0.198000 -12.279860
v 18.326860 0.198000 -12.486166
v 18.533166 0.198000 -12.000140
v 18.047140 0.198000 -11.793834
v 18.804705 0.000000 -12.776165
v 18.926606 0.000000 -12.932191
v 19.065295 0.000000 -12.823835
v 18.943394 0.000000 -12.667809
v 18.804705 0.286000 -12.776165
v 18.926606 0.286000 -12.932191
v 19.065295 0.286000 -12.823835
v 18.943394 0.286000 -12.667809
v 17.471534 0.000000 -13.328545
v 17.519716 0.000000 -13.632753
v 17.780466 0.000000 -13.591455
v 17.732284 0.000000 -13.287247
v 17.471534 0.110000 -13.328545
v 17.519716 0.110000 -13.632753
v 17.780466 0.110000 -13.591455
v 17.732284 0.110000 -13.287247
v 18.117409 0.000000 -12.728904
v 18.510200 0.000000 -12.871868
v 18.630591 0.000000 -12.541096
v 18.237800 0.000000 -12.398132
v 18.117409 0.198000 -12.728904
v 18.510200 0.198000 -12.871868
v 18.630591 0.198000 -12.541096
v 18.237800 0.198000 -12.398132
v 16.725764 0.000000 -13.240090
v 17.072163 0.000000 -13.638576
v 17.404236 0.000000 -13.349910
v 17.057837 0.000000 -12.951424
v 16.725764 0.286000 -13.240090
v 17.072163 0.286000 -13.638576
v 17.404236 0.286000 -13.349910
v 17.057837 0.286000 -12.951424
vn 0.000000 -1.000000 0.000000
vn 0.000000 1.000000 0.000000
vn 0.000000 0.000000 -1.000000
vn 0.000000 0.000000 1.000000
vn -1.000000 0.000000 0.000000
vn 1.000000 0.000000 0.000000
vn 0.000000 -1.000000 0.000000
vn 0.000000 1.000000 0.000000
vn 0.000000 0.000000 -1.000000
vn 0.000000 0.000000 1.000000
vn -1.000000 0.000000 0.000000
vn 1.000000 0.000000 0.000000
vn 0.000000 -1.000000 0.000000
vn 0.000000 1.000000 0.000000
vn 0.000000 0.000000 -1.000000
vn 0.000000 0.000000 1.000000
vn -1.000000 0.000000 0.000000
vn 1.000000 0.000000 0.000000
vn 0.000000 -1.000000 0.000000
vn 0.000000 1.000000 0.000000
vn 0.000000 0.000000 -1.000000
vn 0.000000 0.000000 1.000000
vn -1.000000 0.000000 0.000000
vn 1.000000 0.000000 0.000000
vn 0.000000 -1.000000 0.000000
vn 0.000000 1.000000 0.000000
vn 0.000000 0.000000 -1.000000
vn 0.000000 0.000000 1.000000
vn -1.000000 0.000000 0.000000
vn 1.000000 0.000000 0.000000
vn 0.000000 -1.000000 0.000000
vn 0.000000 1.000000 0.000000
vn 0.000000 0.000000 -1.000000
vn 0.000000 0.000000 1.000000
vn -1.000000 0.000000 0.000000
vn 1.000000 0.000000 0.000000
vn 0.000000 -1.000000 0.000000
vn 0.000000 1.000000 0.000000
vn 0.000000 0.000000 -1.000000
vn 0.000000 0.000000 1.000000
vn -1.000000 0.000000 0.000000
vn 1.000000 0.000000 0.000000
vn 0.000000 -1.000000 0.000000
vn 0.000000 1.000000 0.000000
vn 0.000000 0.000000 -1.000000
vn 0.000000 0.000000 1.000000
vn -1.000000 0.000000 0.000000
vn 1.000000 0.000000 0.000000
vn 0.000000 -1.000000 0.000000
vn 0.000000 1.000000 0.000000
vn 0.000000 0.000000 -1.000000
vn 0.000000 0.000000 1.000000
vn -1.000000 0.000000 0.000000
vn 1.000000 0.000000 0.000000
vn 0.000000 -1.000000 0.000000
vn 0.000000 1.000000 0.000000
vn 0.000000 0.000000 -1.000000
vn 0.000000 0.000000 1.000000
vn -1.000000 0.000000 0.000000
vn 1.000000 0.000000 0.000000
vn 0.000000 -1.000000 0.000000
vn 0.000000 1.000000 0.000000
vn 0.000000 0.000000 -1.000000
vn 0.000000 0.000000 1.000000
vn -1.000000 0.000000 0.000000
vn 1.000000 0.000000 0.000000
vn 0.000000 -1.000000 0.000000
vn 0.000000 1.000000 0.000000
vn 0.000000 0.000000 -1.000000
vn 0.000000 0.000000 1.000000
vn -1.000000 0.000000 0.000000
vn 1.000000 0.000000 0.000000
vn 0.000000 -1.000000 0.000000
vn 0.000000 1.000000 0.000000
vn 0.000000 0.000000 -1.000000
vn 0.000000 0.000000 1.000000
vn -1.000000 0.000000 0.000000
vn 1.000000 0.000000 0.000000
vn 0.000000 -1.000000 0.000000
vn 0.000000 1.000000 0.000000
vn 0.000000 0.000000 -1.000000
vn 0.000000 0.000000 1.000000
vn -1.000000 0.000000 0.000000
vn 1.000000 0.000000 0.000000
vn 0.000000 -1.000000 0.000000
vn 0.000000 1.000000 0.000000
vn 0.000000 0.000000 -1.000000
vn 0.000000 0.000000 1.000000
vn -1.000000 0.000000 0.000000
vn 1.000000 0.000000 0.000000
vn 0.000000 -1.000000 0.000000
vn 0.000000 1.000000 0.000000
vn 0.000000 0.000000 -1.000000
vn 0.000000 0.000000 1.000000
vn -1.000000 0.000000 0.000000
vn 1.000000 0.000000 0.000000
vn 0.000000 -1.000000 0.000000
vn 0.000000 1.000000 0.000000
vn 0.000000 0.000000 -1.000000
vn 0.000000 0.000000 1.000000
vn -1.000000 0.000000 0.000000
vn 1.000000 0.000000 0.000000
vn 0.000000 -1.000000 0.000000
vn 0.000000 1.000000 0.000000
vn 0.000000 0.000000 -1.000000
vn 0.000000 0.000000 1.000000
vn -1.000000 0.000000 0.000000
vn 1.000000 0.000000 0.000000
vn 0.000000 -1.000000 0.000000
vn 0.000000 1.000000 0.000000
vn 0.000000 0.000000 -1.000000
vn 0.000000 0.000000 1.000000
vn -1.000000 0.000000 0.000000
vn 1.000000 0.000000 0.000000
vn 0.000000 -1.000000 0.000000
vn 0.000000 1.000000 0.000000
vn 0.000000 0.000000 -1.000000
vn 0.000000 0.000000 1.000000
vn -1.000000 0.000000 0.000000
vn 1.000000 0.000000 0.000000
vn 0.000000 -1.000000 0.000000
vn 0.000000 1.000000 0.000000
vn 0.000000 0.000000 -1.000000
vn 0.000000 0.000000 1.000000
vn -1.000000 0.000000 0.000000
vn 1.000000 0.000000 0.000000
vn 0.000000 -1.000000 0.000000
vn 0.000000 1.000000 0.000000
vn 0.000000 0.000000 -1.000000
vn 0.000000 0.000000 1.000000
vn -1.000000 0.000000 0.000000
vn 1.000000 0.000000 0.000000
vn 0.000000 -1.000000 0.000000
vn 0.000000 1.000000 0.000000
vn 0.000000 0.000000 -1.000000
vn 0.000000 0.000000 1.000000
vn -1.000000 0.000000 0.000000
vn 1.000000 0.000000 0.000000
vn 0.000000 -1.000000 0.000000
vn 0.000000 1.000000 0.000000
vn 0.000000 0.000000 -1.000000
vn 0.000000 0.000000 1.000000
vn -1.000000 0.000000 0.000000
vn 1.000000 0.000000 0.000000
vn 0.000000 -1.000000 0.000000
vn 0.000000 1.000000 0.000000
vn 0.000000 0.000000 -1.000000
vn 0.000000 0.000000 1.000000
vn -1.000000 0.000000 0.000000
vn 1.000000 0.000000 0.000000
vn 0.000000 -1.000000 0.000000
vn 0.000000 1.000000 0.000000
vn 0.000000 0.000000 -1.000000
vn 0.000000 0.000000 1.000000
vn -1.000000 0.000000 0.000000
vn 1.000000 0.000000 0.000000
vn 0.000000 -1.000000 0.000000
vn 0.000000 1.000000 0.000000
vn 0.000000 0.000000 -1.000000
vn 0.000000 0.000000 1.000000
vn -1.000000 0.000000 0.000000
vn 1.000000 0.000000 0.000000
vn 0.000000 -1.000000 0.000000
vn 0.000000 1.000000 0.000000
vn 0.000000 0.000000 -1.000000
vn 0.000000 0.000000 1.000000
vn -1.000000 0.000000 0.000000
vn 1.000000 0.000000 0.000000
vn 0.000000 -1.000000 0.000000
vn 0.000000 1.000000 0.000000
vn 0.000000 0.000000 -1.000000
vn 0.000000 0.000000 1.000000
vn -1.000000 0.000000 0.000000
vn 1.000000 0.000000 0.000000
vn 0.000000 -1.000000 0.000000
vn 0.000000 1.000000 0.000000
vn 0.000000 0.000000 -1.000000
vn 0.000000 0.000000 1.000000
vn -1.000000 0.000000 0.000000
vn 1.000000 0.000000 0.000000
vn 0.000000 -1.000000 0.000000
vn 0.000000 1.000000 0.000000
vn 0.000000 0.000000 -1.000000
vn 0.000000 0.000000 1.000000
vn -1.000000 0.000000 0.000000
vn 1.000000 0.000000 0.000000
vn 0.000000 -1.000000 0.000000
vn 0.000000 1.000000 0.000000
vn 0.000000 0.000000 -1.000000
vn 0.000000 0.000000 1.000000
vn -1.000000 0.000000 0.000000
vn 1.000000 0.000000 0.000000
vn 0.000000 -1.000000 0.000000
vn 0.000000 1.000000 0.000000
vn 0.000000 0.000000 -1.000000
vn 0.000000 0.000000 1.000000
vn -1.000000 0.000000 0.000000
vn 1.000000 0.000000 0.000000
vn 0.000000 -1.000000 0.000000
vn 0.000000 1.000000 0.000000
vn 0.000000 0.000000 -1.000000
vn 0.000000 0.000000 1.000000
vn -1.000000 0.000000 0.000000
vn 1.000000 0.000000 0.000000
vn 0.000000 -1.000000 0.000000
vn 0.000000 1.000000 0.000000
vn 0.000000 0.000000 -1.000000
vn 0.000000 0.000000 1.000000
vn -1.000000 0.000000 0.000000
vn 1.000000 0.000000 0.000000
vn 0.000000 -1.000000 0.000000
vn 0.000000 1.000000 0.000000
vn 0.000000 0.000000 -1.000000
vn 0.000000 0.000000 1.000000
vn -1.000000 0.000000 0.000000
vn 1.000000 0.000000 0.000000
vn 0.000000 -1.000000 0.000000
vn 0.000000 1.000000 0.000000
vn 0.000000 0.000000 -1.000000
vn 0.000000 0.000000 1.000000
vn -1.000000 0.000000 0.000000
vn 1.000000 0.000000 0.000000
vn 0.000000 -1.000000 0.000000
vn 0.000000 1.000000 0.000000
vn 0.000000 0.000000 -1.000000
vn 0.000000 0.000000 1.000000
vn -1.000000 0.000000 0.000000
vn 1.000000 0.000000 0.000000
vn 0.000000 -1.000000 0.000000
vn 0.000000 1.000000 0.000000
vn 0.000000 0.000000 -1.000000
vn 0.000000 0.000000 1.000000
vn -1.000000 0.000000 0.000000
vn 1.000000 0.000000 0.000000
vn 0.000000 -1.000000 0.000000
vn 0.000000 1.000000 0.000000
vn 0.000000 0.000000 -1.000000
vn 0.000000 0.000000 1.000000
vn -1.000000 0.000000 0.000000
vn 1.000000 0.000000 0.000000
vn 0.000000 -1.000000 0.000000
vn 0.000000 1.000000 0.000000
vn 0.000000 0.000000 -1.000000
vn 0.000000 0.000000 1.000000
vn -1.000000 0.000000 0.000000
vn 1.000000 0.000000 0.000000
vn 0.000000 -1.000000 0.000000
vn 0.000000 1.000000 0.000000
vn 0.000000 0.000000 -1.000000
vn 0.000000 0.000000 1.000000
vn -1.000000 0.000000 0.000000
vn 1.000000 0.000000 0.000000
vn 0.000000 -1.000000 0.000000
vn 0.000000 1.000000 0.000000
vn 0.000000 0.000000 -1.000000
vn 0.000000 0.000000 1.000000
vn -1.000000 0.000000 0.000000
vn 1.000000 0.000000 0.000000
vn 0.000000 -1.000000 0.000000
vn 0.000000 1.000000 0.000000
vn 0.000000 0.000000 -1.000000
vn 0.000000 0.000000 1.000000
vn -1.000000 0.000000 0.000000
vn 1.000000 0.000000 0.000000
vn 0.000000 -1.000000 0.000000
vn 0.000000 1.000000 0.000000
vn 0.000000 0.000000 -1.000000
vn 0.000000 0.000000 1.000000
vn -1.000000 0.000000 0.000000
vn 1.000000 0.000000 0.000000
vn 0.000000 -1.000000 0.000000
vn 0.000000 1.000000 0.000000
vn 0.000000 0.000000 -1.000000
vn 0.000000 0.000000 1.000000
vn -1.000000 0.000000 0.000000
vn 1.000000 0.000000 0.000000
vn 0.000000 -1.000000 0.000000
vn 0.000000 1.000000 0.000000
vn 0.000000 0.000000 -1.000000
vn 0.000000 0.000000 1.000000
vn -1.000000 0.000000 0.000000
vn 1.000000 0.000000 0.000000
vn 0.000000 -1.000000 0.000000
vn 0.000000 1.000000 0.000000
vn 0.000000 0.000000 -1.000000
vn 0.000000 0.000000 1.000000
vn -1.000000 0.000000 0.000000
vn 1.000000 0.000000 0.000000
vn 0.000000 -1.000000 0.000000
vn 0.000000 1.000000 0.000000
vn 0.000000 0.000000 -1.000000
vn 0.000000 0.000000 1.000000
vn -1.000000 0.000000 0.000000
vn 1.000000 0.000000 0.000000
vn 0.000000 -1.000000 0.000000
vn 0.000000 1.000000 0.000000
vn 0.000000 0.000000 -1.000000
vn 0.000000 0.000000 1.000000
vn -1.000000 0.000000 0.000000
vn 1.000000 0.000000 0.000000
vn 0.000000 -1.000000 0.000000
vn 0.000000 1.000000 0.000000
vn 0.000000 0.000000 -1.000000
vn 0.000000 0.000000 1.000000
vn -1.000000 0.000000 0.000000
vn 1.000000 0.000000 0.000000
vn 0.000000 -1.000000 0.000000
vn 0.000000 1.000000 0.000000
vn 0.000000 0.000000 -1.000000
vn 0.000000 0.000000 1.000000
vn -1.000000 0.000000 0.000000
vn 1.000000 0.000000 0.000000
vn 0.000000 -1.000000 0.000000
vn 0.000000 1.000000 0.000000
vn 0.000000 0.000000 -1.000000
vn 0.000000 0.000000 1.000000
vn -1.000000 0.000000 0.000000
vn 1.000000 0.000000 0.000000
vn 0.000000 -1.000000 0.000000
vn 0.000000 1.000000 0.000000
vn 0.000000 0.000000 -1.000000
vn 0.000000 0.000000 1.000000
vn -1.000000 0.000000 0.000000
vn 1.000000 0.000000 0.000000
vn 0.000000 -1.000000 0.000000
vn 0.000000 1.000000 0.000000
vn 0.000000 0.000000 -1.000000
vn 0.000000 0.000000 1.000000
vn -1.000000 0.000000 0.000000
vn 1.000000 0.000000 0.000000
vn 0.000000 -1.000000 0.000000
vn 0.000000 1.000000 0.000000
vn 0.000000 0.000000 -1.000000
vn 0.000000 0.000000 1.000000
vn -1.000000 0.000000 0.000000
vn 1.000000 0.000000 0.000000
vn 0.000000 -1.000000 0.000000
vn 0.000000 1.000000 0.000000
vn 0.000000 0.000000 -1.000000
vn 0.000000 0.000000 1.000000
vn -1.000000 0.000000 0.000000
vn 1.000000 0.000000 0.000000
vn 0.000000 -1.000000 0.000000
vn 0.000000 1.000000 0.000000
vn 0.000000 0.000000 -1.000000
vn 0.000000 0.000000 1.000000
vn -1.000000 0.000000 0.000000
vn 1.000000 0.000000 0.000000
vn 0.000000 -1.000000 0.000000
vn 0.000000 1.000000 0.000000
vn 0.000000 0.000000 -1.000000
vn 0.000000 0.000000 1.000000
vn -1.000000 0.000000 0.000000
vn 1.000000 0.000000 0.000000
vn 0.000000 -1.000000 0.000000
vn 0.000000 1.000000 0.000000
vn 0.000000 0.000000 -1.000000
vn 0.000000 0.000000 1.000000
vn -1.000000 0.000000 0.000000
vn 1.000000 0.000000 0.000000
vn 0.000000 -1.000000 0.000000
vn 0.000000 1.000000 0.000000
vn 0.000000 0.000000 -1.000000
vn 0.000000 0.000000 1.000000
vn -1.000000 0.000000 0.000000
vn 1.000000 0.000000 0.000000
vn 0.000000 -1.000000 0.000000
vn 0.000000 1.000000 0.000000
vn 0.000000 0.000000 -1.000000
vn 0.000000 0.000000 1.000000
vn -1.000000 0.000000 0.000000
vn 1.000000 0.000000 0.000000
vn 0.000000 -1.000000 0.000000
vn 0.000000 1.000000 0.000000
vn 0.000000 0.000000 -1.000000
vn 0.000000 0.000000 1.000000
vn -1.000000 0.000000 0.000000
vn 1.000000 0.000000 0.000000
vn 0.000000 -1.000000 0.000000
vn 0.000000 1.000000 0.000000
vn 0.000000 0.000000 -1.000000
vn 0.000000 0.000000 1.000000
vn -1.000000 0.000000 0.000000
vn 1.000000 0.000000 0.000000
vn 0.000000 -1.000000 0.000000
vn 0.000000 1.000000 0.000000
vn 0.000000 0.000000 -1.000000
vn 0.000000 0.000000 1.000000
vn -1.000000 0.000000 0.000000
vn 1.000000 0.000000 0.000000
vn 0.000000 -1.000000 0.000000
vn 0.000000 1.000000 0.000000
vn 0.000000 0.000000 -1.000000
vn 0.000000 0.000000 1.000000
vn -1.000000 0.000000 0.000000
vn 1.000000 0.000000 0.000000
vn 0.000000 -1.000000 0.000000
vn 0.000000 1.000000 0.000000
vn 0.000000 0.000000 -1.000000
vn 0.000000 0.000000 1.000000
vn -1.000000 0.000000 0.000000
vn 1.000000 0.000000 0.000000
vn 0.000000 -1.000000 0.000000
vn 0.000000 1.000000 0.000000
vn 0.000000 0.000000 -1.000000
vn 0.000000 0.000000 1.000000
vn -1.000000 0.000000 0.000000
vn 1.000000 0.000000 0.000000
vn 0.000000 -1.000000 0.000000
vn 0.000000 1.000000 0.000000
vn 0.000000 0.000000 -1.000000
vn 0.000000 0.000000 1.000000
vn -1.000000 0.000000 0.000000
vn 1.000000 0.000000 0.000000
vn 0.000000 -1.000000 0.000000
vn 0.000000 1.000000 0.000000
vn 0.000000 0.000000 -1.000000
vn 0.000000 0.000000 1.000000
vn -1.000000 0.000000 0.000000
vn 1.000000 0.000000 0.000000
vn 0.000000 -1.000000 0.000000
vn 0.000000 1.000000 0.000000
vn 0.000000 0.000000 -1.000000
vn 0.000000 0.000000 1.000000
vn -1.000000 0.000000 0.000000
vn 1.000000 0.000000 0.000000
vn 0.000000 -1.000000 0.000000
vn 0.000000 1.000000 0.000000
vn 0.000000 0.000000 -1.000000
vn 0.000000 0.000000 1.000000
vn -1.000000 0.000000 0.000000
vn 1.000000 0.000000 0.000000
vn 0.000000 -1.000000 0.000000
vn 0.000000 1.000000 0.000000
vn 0.000000 0.000000 -1.000000
vn 0.000000 0.000000 1.000000
vn -1.000000 0.000000 0.000000
vn 1.000000 0.000000 0.000000
vn 0.000000 -1.000000 0.000000
vn 0.000000 1.000000 0.000000
vn 0.000000 0.000000 -1.000000
vn 0.000000 0.000000 1.000000
vn -1.000000 0.000000 0.000000
vn 1.000000 0.000000 0.000000
vn 0.000000 -1.000000 0.000000
vn 0.000000 1.000000 0.000000
vn 0.000000 0.000000 -1.000000
vn 0.000000 0.000000 1.000000
vn -1.000000 0.000000 0.000000
vn 1.000000 0.000000 0.000000
vn 0.000000 -1.000000 0.000000
vn 0.000000 1.000000 0.000000
vn 0.000000 0.000000 -1.000000
vn 0.000000 0.000000 1.000000
vn -1.000000 0.000000 0.000000
vn 1.000000 0.000000 0.000000
vn 0.000000 -1.000000 0.000000
vn 0.000000 1.000000 0.000000
vn 0.000000 0.000000 -1.000000
vn 0.000000 0.000000 1.000000
vn -1.000000 0.000000 0.000000
vn 1.000000 0.000000 0.000000
vn 0.000000 -1.000000 0.000000
vn 0.000000 1.000000 0.000000
vn 0.000000 0.000000 -1.000000
vn 0.000000 0.000000 1.000000
vn -1.000000 0.000000 0.000000
vn 1.000000 0.000000 0.000000
vn 0.000000 -1.000000 0.000000
vn 0.000000 1.000000 0.000000
vn 0.000000 0.000000 -1.000000
vn 0.000000 0.000000 1.000000
vn -1.000000 0.000000 0.000000
vn 1.000000 0.000000 0.000000
vn 0.000000 -1.000000 0.000000
vn 0.000000 1.000000 0.000000
vn 0.000000 0.000000 -1.000000
vn 0.000000 0.000000 1.000000
vn -1.000000 0.000000 0.000000
vn 1.000000 0.000000 0.000000
vn 0.000000 -1.000000 0.000000
vn 0.000000 1.000000 0.000000
vn 0.000000 0.000000 -1.000000
vn 0.000000 0.000000 1.000000
vn -1.000000 0.000000 0.000000
vn 1.000000 0.000000 0.000000
vn 0.000000 -1.000000 0.000000
vn 0.000000 1.000000 0.000000
vn 0.000000 0.000000 -1.000000
vn 0.000000 0.000000 1.000000
vn -1.000000 0.000000 0.000000
vn 1.000000 0.000000 0.000000
vn 0.000000 -1.000000 0.000000
vn 0.000000 1.000000 0.000000
vn 0.000000 0.000000 -1.000000
vn 0.000000 0.000000 1.000000
vn -1.000000 0.000000 0.000000
vn 1.000000 0.000000 0.000000
vn 0.000000 -1.000000 0.000000
vn 0.000000 1.000000 0.000000
vn 0.000000 0.000000 -1.000000
vn 0.000000 0.000000 1.000000
vn -1.000000 0.000000 0.000000
vn 1.000000 0.000000 0.000000
vn 0.000000 -1.000000 0.000000
vn 0.000000 1.000000 0.000000
vn 0.000000 0.000000 -1.000000
vn 0.000000 0.000000 1.000000
vn -1.000000 0.000000 0.000000
vn 1.000000 0.000000 0.000000
vn 0.000000 -1.000000 0.000000
vn 0.000000 1.000000 0.000000
vn 0.000000 0.000000 -1.000000
vn 0.000000 0.000000 1.000000
vn -1.000000 0.000000 0.000000
vn 1.000000 0.000000 0.000000
vn 0.000000 -1.000000 0.000000
vn 0.000000 1.000000 0.000000
vn 0.000000 0.000000 -1.000000
vn 0.000000 0.000000 1.000000
vn -1.000000 0.000000 0.000000
vn 1.000000 0.000000 0.000000
vn 0.000000 -1.000000 0.000000
vn 0.000000 1.000000 0.000000
vn 0.000000 0.000000 -1.000000
vn 0.000000 0.000000 1.000000
vn -1.000000 0.000000 0.000000
vn 1.000000 0.000000 0.000000
vn 0.000000 -1.000000 0.000000
vn 0.000000 1.000000 0.000000
vn 0.000000 0.000000 -1.000000
vn 0.000000 0.000000 1.000000
vn -1.000000 0.000000 0.000000
vn 1.000000 0.000000 0.000000
vn 0.000000 -1.000000 0.000000
vn 0.000000 1.000000 0.000000
vn 0.000000 0.000000 -1.000000
vn 0.000000 0.000000 1.000000
vn -1.000000 0.000000 0.000000
vn 1.000000 0.000000 0.000000
vn 0.000000 -1.000000 0.000000
vn 0.000000 1.000000 0.000000
vn 0.000000 0.000000 -1.000000
vn 0.000000 0.000000 1.000000
vn -1.000000 0.000000 0.000000
vn 1.000000 0.000000 0.000000
vn 0.000000 -1.000000 0.000000
vn 0.000000 1.000000 0.000000
vn 0.000000 0.000000 -1.000000
vn 0.000000 0.000000 1.000000
vn -1.000000 0.000000 0.000000
vn 1.000000 0.000000 0.000000
vn 0.000000 -1.000000 0.000000
vn 0.000000 1.000000 0.000000
vn 0.000000 0.000000 -1.000000
vn 0.000000 0.000000 1.000000
vn -1.000000 0.000000 0.000000
vn 1.000000 0.000000 0.000000
vn 0.000000 -1.000000 0.000000
vn 0.000000 1.000000 0.000000
vn 0.000000 0.000000 -1.000000
vn 0.000000 0.000000 1.000000
vn -1.000000 0.000000 0.000000
vn 1.000000 0.000000 0.000000
vn 0.000000 -1.000000 0.000000
vn 0.000000 1.000000 0.000000
vn 0.000000 0.000000 -1.000000
vn 0.000000 0.000000 1.000000
vn -1.000000 0.000000 0.000000
vn 1.000000 0.000000 0.000000
vn 0.000000 -1.000000 0.000000
vn 0.000000 1.000000 0.000000
vn 0.000000 0.000000 -1.000000
vn 0.000000 0.000000 1.000000
vn -1.000000 0.000000 0.000000
vn 1.000000 0.000000 0.000000
vn 0.000000 -1.000000 0.000000
vn 0.000000 1.000000 0.000000
vn 0.000000 0.000000 -1.000000
vn 0.000000 0.000000 1.000000
vn -1.000000 0.000000 0.000000
vn 1.000000 0.000000 0.000000
vn 0.000000 -1.000000 0.000000
vn 0.000000 1.000000 0.000000
vn 0.000000 0.000000 -1.000000
vn 0.000000 0.000000 1.000000
vn -1.000000 0.000000 0.000000
vn 1.000000 0.000000 0.000000
vn 0.000000 -1.000000 0.000000
vn 0.000000 1.000000 0.000000
vn 0.000000 0.000000 -1.000000
vn 0.000000 0.000000 1.000000
vn -1.000000 0.000000 0.000000
vn 1.000000 0.000000 0.000000
vn 0.000000 -1.000000 0.000000
vn 0.000000 1.000000 0.000000
vn 0.000000 0.000000 -1.000000
vn 0.000000 0.000000 1.000000
vn -1.000000 0.000000 0.000000
vn 1.000000 0.000000 0.000000
vn 0.000000 -1.000000 0.000000
vn 0.000000 1.000000 0.000000
vn 0.000000 0.000000 -1.000000
vn 0.000000 0.000000 1.000000
vn -1.000000 0.000000 0.000000
vn 1.000000 0.000000 0.000000
vn 0.000000 -1.000000 0.000000
vn 0.000000 1.000000 0.000000
vn 0.000000 0.000000 -1.000000
vn 0.000000 0.000000 1.000000
vn -1.000000 0.000000 0.000000
vn 1.000000 0.000000 0.000000
vn 0.000000 -1.000000 0.000000
vn 0.000000 1.000000 0.000000
vn 0.000000 0.000000 -1.000000
vn 0.000000 0.000000 1.000000
vn -1.000000 0.000000 0.000000
vn 1.000000 0.000000 0.000000
vn 0.000000 -1.000000 0.000000
vn 0.000000 1.000000 0.000000
vn 0.000000 0.000000 -1.000000
vn 0.000000 0.000000 1.000000
vn -1.000000 0.000000 0.000000
vn 1.000000 0.000000 0.000000
vn 0.000000 -1.000000 0.000000
vn 0.000000 1.000000 0.000000
vn 0.000000 0.000000 -1.000000
vn 0.000000 0.000000 1.000000
vn -1.000000 0.000000 0.000000
vn 1.000000 0.000000 0.000000
vn 0.000000 -1.000000 0.000000
vn 0.000000 1.000000 0.000000
vn 0.000000 0.000000 -1.000000
vn 0.000000 0.000000 1.000000
vn -1.000000 0.000000 0.000000
vn 1.000000 0.000000 0.000000
vn 0.000000 -1.000000 0.000000
vn 0.000000 1.000000 0.000000
vn 0.000000 0.000000 -1.000000
vn 0.000000 0.000000 1.000000
vn -1.000000 0.000000 0.000000
vn 1.000000 0.000000 0.000000
vn 0.000000 -1.000000 0.000000
vn 0.000000 1.000000 0.000000
vn 0.000000 0.000000 -1.000000
vn 0.000000 0.000000 1.000000
vn -1.000000 0.000000 0.000000
vn 1.000000 0.000000 0.000000
vn 0.000000 -1.000000 0.000000
vn 0.000000 1.000000 0.000000
vn 0.000000 0.000000 -1.000000
vn 0.000000 0.000000 1.000000
vn -1.000000 0.000000 0.000000
vn 1.000000 0.000000 0.000000
vn 0.000000 -1.000000 0.000000
vn 0.000000 1.000000 0.000000
vn 0.000000 0.000000 -1.000000
vn 0.000000 0.000000 1.000000
vn -1.000000 0.000000 0.000000
vn 1.000000 0.000000 0.000000
vn 0.000000 -1.000000 0.000000
vn 0.000000 1.000000 0.000000
vn 0.000000 0.000000 -1.000000
vn 0.000000 0.000000 1.000000
vn -1.000000 0.000000 0.000000
vn 1.000000 0.000000 0.000000
vn 0.000000 -1.000000 0.000000
vn 0.000000 1.000000 0.000000
vn 0.000000 0.000000 -1.000000
vn 0.000000 0.000000 1.000000
vn -1.000000 0.000000 0.000000
vn 1.000000 0.000000 0.000000
vn 0.000000 -1.000000 0.000000
vn 0.000000 1.000000 0.000000
vn 0.000000 0.000000 -1.000000
vn 0.000000 0.000000 1.000000
vn -1.000000 0.000000 0.000000
vn 1.000000 0.000000 0.000000
vn 0.000000 -1.000000 0.000000
vn 0.000000 1.000000 0.000000
vn 0.000000 0.000000 -1.000000
vn 0.000000 0.000000 1.000000
vn -1.000000 0.000000 0.000000
vn 1.000000 0.000000 0.000000
vn 0.000000 -1.000000 0.000000
vn 0.000000 1.000000 0.000000
vn 0.000000 0.000000 -1.000000
vn 0.000000 0.000000 1.000000
vn -1.000000 0.000000 0.000000
vn 1.000000 0.000000 0.000000
vn 0.000000 -1.000000 0.000000
vn 0.000000 1.000000 0.000000
vn 0.000000 0.000000 -1.000000
vn 0.000000 0.000000 1.000000
vn -1.000000 0.000000 0.000000
vn 1.000000 0.000000 0.000000
vn 0.000000 -1.000000 0.000000
vn 0.000000 1.000000 0.000000
vn 0.000000 0.000000 -1.000000
vn 0.000000 0.000000 1.000000
vn -1.000000 0.000000 0.000000
vn 1.000000 0.000000 0.000000
vn 0.000000 -1.000000 0.000000
vn 0.000000 1.000000 0.000000
vn 0.000000 0.000000 -1.000000
vn 0.000000 0.000000 1.000000
vn -1.000000 0.000000 0.000000
vn 1.000000 0.000000 0.000000
vn 0.000000 -1.000000 0.000000
vn 0.000000 1.000000 0.000000
vn 0.000000 0.000000 -1.000000
vn 0.000000 0.000000 1.000000
vn -1.000000 0.000000 0.000000
vn 1.000000 0.000000 0.000000
vn 0.000000 -1.000000 0.000000
vn 0.000000 1.000000 0.000000
vn 0.000000 0.000000 -1.000000
vn 0.000000 0.000000 1.000000
vn -1.000000 0.000000 0.000000
vn 1.000000 0.000000 0.000000
vn 0.000000 -1.000000 0.000000
vn 0.000000 1.000000 0.000000
vn 0.000000 0.000000 -1.000000
vn 0.000000 0.000000 1.000000
vn -1.000000 0.000000 0.000000
vn 1.000000 0.000000 0.000000
vn 0.000000 -1.000000 0.000000
vn 0.000000 1.000000 0.000000
vn 0.000000 0.000000 -1.000000
vn 0.000000 0.000000 1.000000
vn -1.000000 0.000000 0.000000
vn 1.000000 0.000000 0.000000
vn 0.000000 -1.000000 0.000000
vn 0.000000 1.000000 0.000000
vn 0.000000 0.000000 -1.000000
vn 0.000000 0.000000 1.000000
vn -1.000000 0.000000 0.000000
vn 1.000000 0.000000 0.000000
vn 0.000000 -1.000000 0.000000
vn 0.000000 1.000000 0.000000
vn 0.000000 0.000000 -1.000000
vn 0.000000 0.000000 1.000000
vn -1.000000 0.000000 0.000000
vn 1.000000 0.000000 0.000000
vn 0.000000 -1.000000 0.000000
vn 0.000000 1.000000 0.000000
vn 0.000000 0.000000 -1.000000
vn 0.000000 0.000000 1.000000
vn -1.000000 0.000000 0.000000
vn 1.000000 0.000000 0.000000
vn 0.000000 -1.000000 0.000000
vn 0.000000 1.000000 0.000000
vn 0.000000 0.000000 -1.000000
vn 0.000000 0.000000 1.000000
vn -1.000000 0.000000 0.000000
vn 1.000000 0.000000 0.000000
vn 0.000000 -1.000000 0.000000
vn 0.000000 1.000000 0.000000
vn 0.000000 0.000000 -1.000000
vn 0.000000 0.000000 1.000000
vn -1.000000 0.000000 0.000000
vn 1.000000 0.000000 0.000000
vn 0.000000 -1.000000 0.000000
vn 0.000000 1.000000 0.000000
vn 0.000000 0.000000 -1.000000
vn 0.000000 0.000000 1.000000
vn -1.000000 0.000000 0.000000
vn 1.000000 0.000000 0.000000
vn 0.000000 -1.000000 0.000000
vn 0.000000 1.000000 0.000000
vn 0.000000 0.000000 -1.000000
vn 0.000000 0.000000 1.000000
vn -1.000000 0.000000 0.000000
vn 1.000000 0.000000 0.000000
vn 0.000000 -1.000000 0.000000
vn 0.000000 1.000000 0.000000
vn 0.000000 0.000000 -1.000000
vn 0.000000 0.000000 1.000000
vn -1.000000 0.000000 0.000000
vn 1.000000 0.000000 0.000000
vn 0.000000 -1.000000 0.000000
vn 0.000000 1.000000 0.000000
vn 0.000000 0.000000 -1.000000
vn 0.000000 0.000000 1.000000
vn -1.000000 0.000000 0.000000
vn 1.000000 0.000000 0.000000
vn 0.000000 -1.000000 0.000000
vn 0.000000 1.000000 0.000000
vn 0.000000 0.000000 -1.000000
vn 0.000000 0.000000 1.000000
vn -1.000000 0.000000 0.000000
vn 1.000000 0.000000 0.000000
vn 0.000000 -1.000000 0.000000
vn 0.000000 1.000000 0.000000
vn 0.000000 0.000000 -1.000000
vn 0.000000 0.000000 1.000000
vn -1.000000 0.000000 0.000000
vn 1.000000 0.000000 0.000000
vn 0.000000 -1.000000 0.000000
vn 0.000000 1.000000 0.000000
vn 0.000000 0.000000 -1.000000
vn 0.000000 0.000000 1.000000
vn -1.000000 0.000000 0.000000
vn 1.000000 0.000000 0.000000
vn 0.000000 -1.000000 0.000000
vn 0.000000 1.000000 0.000000
vn 0.000000 0.000000 -1.000000
vn 0.000000 0.000000 1.000000
vn -1.000000 0.000000 0.000000
vn 1.000000 0.000000 0.000000
vn 0.000000 -1.000000 0.000000
vn 0.000000 1.000000 0.000000
vn 0.000000 0.000000 -1.000000
vn 0.000000 0.000000 1.000000
vn -1.000000 0.000000 0.000000
vn 1.000000 0.000000 0.000000
vn 0.000000 -1.000000 0.000000
vn 0.000000 1.000000 0.000000
vn 0.000000 0.000000 -1.000000
vn 0.000000 0.000000 1.000000
vn -1.000000 0.000000 0.000000
vn 1.000000 0.000000 0.000000
vn 0.000000 -1.000000 0.000000
vn 0.000000 1.000000 0.000000
vn 0.000000 0.000000 -1.000000
vn 0.000000 0.000000 1.000000
vn -1.000000 0.000000 0.000000
vn 1.000000 0.000000 0.000000
vn 0.000000 -1.000000 0.000000
vn 0.000000 1.000000 0.000000
vn 0.000000 0.000000 -1.000000
vn 0.000000 0.000000 1.000000
vn -1.000000 0.000000 0.000000
vn 1.000000 0.000000 0.000000
vn 0.000000 -1.000000 0.000000
vn 0.000000 1.000000 0.000000
vn 0.000000 0.000000 -1.000000
vn 0.000000 0.000000 1.000000
vn -1.000000 0.000000 0.000000
vn 1.000000 0.000000 0.000000
vn 0.000000 -1.000000 0.000000
vn 0.000000 1.000000 0.000000
vn 0.000000 0.000000 -1.000000
vn 0.000000 0.000000 1.000000
vn -1.000000 0.000000 0.000000
vn 1.000000 0.000000 0.000000
vn 0.000000 -1.000000 0.000000
vn 0.000000 1.000000 0.000000
vn 0.000000 0.000000 -1.000000
vn 0.000000 0.000000 1.000000
vn -1.000000 0.000000 0.000000
vn 1.000000 0.000000 0.000000
vn 0.000000 -1.000000 0.000000
vn 0.000000 1.000000 0.000000
vn 0.000000 0.000000 -1.000000
vn 0.000000 0.000000 1.000000
vn -1.000000 0.000000 0.000000
vn 1.000000 0.000000 0.000000
vn 0.000000 -1.000000 0.000000
vn 0.000000 1.000000 0.000000
vn 0.000000 0.000000 -1.000000
vn 0.000000 0.000000 1.000000
vn -1.000000 0.000000 0.000000
vn 1.000000 0.000000 0.000000
vn 0.000000 -1.000000 0.000000
vn 0.000000 1.000000 0.000000
vn 0.000000 0.000000 -1.000000
vn 0.000000 0.000000 1.000000
vn -1.000000 0.000000 0.000000
vn 1.000000 0.000000 0.000000
vn 0.000000 -1.000000 0.000000
vn 0.000000 1.000000 0.000000
vn 0.000000 0.000000 -1.000000
vn 0.000000 0.000000 1.000000
vn -1.000000 0.000000 0.000000
vn 1.000000 0.000000 0.000000
vn 0.921447 0.072519 0.381676
vn 0.382510 0.030104 0.923461
vn -0.382510 -0.030104 0.923461
vn -0.921447 -0.072519 0.381676
vn -0.921447 -0.072519 -0.381676
vn -0.382510 -0.030104 -0.923461
vn 0.382510 0.030104 -0.923461
vn 0.921447 0.072519 -0.381676
vn 0.898758 0.215773 0.381676
vn 0.373091 0.089571 0.923461
vn -0.373091 -0.089571 0.923461
vn -0.898758 -0.215773 0.381676
vn -0.898758 -0.215773 -0.381676
vn -0.373091 -0.089571 -0.923461
vn 0.373091 0.089571 -0.923461
vn 0.898758 0.215773 -0.381676
vn 0.853938 0.353713 0.381676
vn 0.354486 0.146833 0.923461
vn -0.354486 -0.146833 0.923461
vn -0.853938 -0.353713 0.381676
vn -0.853938 -0.353713 -0.381676
vn -0.354486 -0.146833 -0.923461
vn 0.354486 0.146833 -0.923461
vn 0.853938 0.353713 -0.381676
vn 0.788092 0.482943 0.381676
vn 0.327152 0.200479 0.923461
vn -0.327152 -0.200479 0.923461
vn -0.788092 -0.482943 0.381676
vn -0.788092 -0.482943 -0.381676
vn -0.327152 -0.200479 -0.923461
vn 0.327152 0.200479 -0.923461
vn 0.788092 0.482943 -0.381676
vn 0.702840 0.600282 0.381676
vn 0.291762 0.249189 0.923461
vn -0.291762 -0.249189 0.923461
vn -0.702840 -0.600282 0.381676
vn -0.702840 -0.600282 -0.381676
vn -0.291762 -0.249189 -0.923461
vn 0.291762 0.249189 -0.923461
vn 0.702840 0.600282 -0.381676
vn 0.600282 0.702840 0.381676
vn 0.249189 0.291762 0.923461
vn -0.249189 -0.291762 0.923461
vn -0.600282 -0.702840 0.381676
vn -0.600282 -0.702840 -0.381676
vn -0.249189 -0.291762 -0.923461
vn 0.249189 0.291762 -0.923461
vn 0.600282 0.702840 -0.381676
vn 0.482943 0.788092 0.381676
vn 0.200479 0.327152 0.923461
vn -0.200479 -0.327152 0.923461
vn -0.482943 -0.788092 0.381676
vn -0.482943 -0.788092 -0.381676
vn -0.200479 -0.327152 -0.923461
vn 0.200479 0.327152 -0.923461
vn 0.482943 0.788092 -0.381676
vn 0.353713 0.853938 0.381676
vn 0.146833 0.354486 0.923461
vn -0.146833 -0.354486 0.923461
vn -0.353713 -0.853938 0.381676
vn -0.353713 -0.853938 -0.381676
vn -0.146833 -0.354486 -0.923461
vn 0.146833 0.354486 -0.923461
vn 0.353713 0.853938 -0.381676
vn 0.215773 0.898758 0.381676
vn 0.089571 0.373091 0.923461
vn -0.089571 -0.373091 0.923461
vn -0.215773 -0.898758 0.381676
vn -0.215773 -0.898758 -0.381676
vn -0.089571 -0.373091 -0.923461
vn 0.089571 0.373091 -0.923461
vn 0.215773 0.898758 -0.381676
vn 0.072519 0.921447 0.381676
vn 0.030104 0.382510 0.923461
vn -0.030104 -0.382510 0.923461
vn -0.072519 -0.921447 0.381676
vn -0.072519 -0.921447 -0.381676
vn -0.030104 -0.382510 -0.923461
vn 0.030104 0.382510 -0.923461
vn 0.072519 0.921447 -0.381676
vn -0.072519 0.921447 0.381676
vn -0.030104 0.382510 0.923461
vn 0.030104 -0.382510 0.923461
vn 0.072519 -0.921447 0.381676
vn 0.072519 -0.921447 -0.381676
vn 0.030104 -0.382510 -0.923461
vn -0.030104 0.382510 -0.923461
vn -0.072519 0.921447 -0.381676
vn -0.215773 0.898758 0.381676
vn -0.089571 0.373091 0.923461
vn 0.089571 -0.373091 0.923461
vn 0.215773 -0.898758 0.381676
vn 0.215773 -0.898758 -0.381676
vn 0.089571 -0.373091 -0.923461
vn -0.089571 0.373091 -0.923461
vn -0.215773 0.898758 -0.381676
vn -0.353713 0.853938 0.381676
vn -0.146833 0.354486 0.923461
vn 0.146833 -0.354486 0.923461
vn 0.353713 -0.853938 0.381676
vn 0.353713 -0.853938 -0.381676
vn 0.146833 -0.354486 -0.923461
vn -0.146833 0.354486 -0.923461
vn -0.353713 0.853938 -0.381676
vn -0.482943 0.788092 0.381676
vn -0.200479 0.327152 0.923461
vn 0.200479 -0.327152 0.923461
vn 0.482943 -0.788092 0.381676
vn 0.482943 -0.788092 -0.381676
vn 0.200479 -0.327152 -0.923461
vn -0.200479 0.327152 -0.923461
vn -0.482943 0.788092 -0.381676
vn -0.600282 0.702840 0.381676
vn -0.249189 0.291762 0.923461
vn 0.249189 -0.291762 0.923461
vn 0.600282 -0.702840 0.381676
vn 0.600282 -0.702840 -0.381676
vn 0.249189 -0.291762 -0.923461
vn -0.249189 0.291762 -0.923461
vn -0.600282 0.702840 -0.381676
vn -0.702840 0.600282 0.381676
vn -0.291762 0.249189 0.923461
vn 0.291762 -0.249189 0.923461
vn 0.702840 -0.600282 0.381676
vn 0.702840 -0.600282 -0.381676
vn 0.291762 -0.249189 -0.923461
vn -0.291762 0.249189 -0.923461
vn -0.702840 0.600282 -0.381676
vn -0.788092 0.482943 0.381676
vn -0.327152 0.200479 0.923461
vn 0.327152 -0.200479 0.923461
vn 0.788092 -0.482943 0.381676
vn 0.788092 -0.482943 -0.381676
vn 0.327152 -0.200479 -0.923461
vn -0.327152 0.200479 -0.923461
vn -0.788092 0.482943 -0.381676
vn -0.853938 0.353713 0.381676
vn -0.354486 0.146833 0.923461
vn 0.354486 -0.146833 0.923461
vn 0.853938 -0.353713 0.381676
vn 0.853938 -0.353713 -0.381676
vn 0.354486 -0.146833 -0.923461
vn -0.354486 0.146833 -0.923461
vn -0.853938 0.353713 -0.381676
vn -0.898758 0.215773 0.381676
vn -0.373091 0.089571 0.923461
vn 0.373091 -0.089571 0.923461
vn 0.898758 -0.215773 0.381676
vn 0.898758 -0.215773 -0.381676
vn 0.373091 -0.089571 -0.923461
vn -0.373091 0.089571 -0.923461
vn -0.898758 0.215773 -0.381676
vn -0.921447 0.072519 0.381676
vn -0.382510 0.030104 0.923461
vn 0.382510 -0.030104 0.923461
vn 0.921447 -0.072519 0.381676
vn 0.921447 -0.072519 -0.381676
vn 0.382510 -0.030104 -0.923461
vn -0.382510 0.030104 -0.923461
vn -0.921447 0.072519 -0.381676
vn -0.921447 -0.072519 0.381676
vn -0.382510 -0.030104 0.923461
vn 0.382510 0.030104 0.923461
vn 0.921447 0.072519 0.381676
vn 0.921447 0.072519 -0.381676
vn 0.382510 0.030104 -0.923461
vn -0.382510 -0.030104 -0.923461
vn -0.921447 -0.072519 -0.381676
vn -0.898758 -0.215773 0.381676
vn -0.373091 -0.089571 0.923461
vn 0.373091 0.089571 0.923461
vn 0.898758 0.215773 0.381676
vn 0.898758 0.215773 -0.381676
vn 0.373091 0.089571 -0.923461
vn -0.373091 -0.089571 -0.923461
vn -0.898758 -0.215773 -0.381676
vn -0.853938 -0.353713 0.381676
vn -0.354486 -0.146833 0.923461
vn 0.354486 0.146833 0.923461
vn 0.853938 0.353713 0.381676
vn 0.853938 0.353713 -0.381676
vn 0.354486 0.146833 -0.923461
vn -0.354486 -0.146833 -0.923461
vn -0.853938 -0.353713 -0.381676
vn -0.788092 -0.482943 0.381676
vn -0.327152 -0.200479 0.923461
vn 0.327152 0.200479 0.923461
vn 0.788092 0.482943 0.381676
vn 0.788092 0.482943 -0.381676
vn 0.327152 0.200479 -0.923461
vn -0.327152 -0.200479 -0.923461
vn -0.788092 -0.482943 -0.381676
vn -0.702840 -0.600282 0.381676
vn -0.291762 -0.249189 0.923461
vn 0.291762 0.249189 0.923461
vn 0.702840 0.600282 0.381676
vn 0.702840 0.600282 -0.381676
vn 0.291762 0.249189 -0.923461
vn -0.291762 -0.249189 -0.923461
vn -0.702840 -0.600282 -0.381676
vn -0.600282 -0.702840 0.381676
vn -0.249189 -0.291762 0.923461
vn 0.249189 0.291762 0.923461
vn 0.600282 0.702840 0.381676
vn 0.600282 0.702840 -0.381676
vn 0.249189 0.291762 -0.923461
vn -0.249189 -0.291762 -0.923461
vn -0.600282 -0.702840 -0.381676
vn -0.482943 -0.788092 0.381676
vn -0.200479 -0.327152 0.923461
vn 0.200479 0.327152 0.923461
vn 0.482943 0.788092 0.381676
vn 0.482943 0.788092 -0.381676
vn 0.200479 0.327152 -0.923461
vn -0.200479 -0.327152 -0.923461
vn -0.482943 -0.788092 -0.381676
vn -0.353713 -0.853938 0.381676
vn -0.146833 -0.354486 0.923461
vn 0.146833 0.354486 0.923461
vn 0.353713 0.853938 0.381676
vn 0.353713 0.853938 -0.381676
vn 0.146833 0.354486 -0.923461
vn -0.146833 -0.354486 -0.923461
vn -0.353713 -0.853938 -0.381676
vn -0.215773 -0.898758 0.381676
vn -0.089571 -0.373091 0.923461
vn 0.089571 0.373091 0.923461
vn 0.215773 0.898758 0.381676
vn 0.215773 0.898758 -0.381676
vn 0.089571 0.373091 -0.923461
vn -0.089571 -0.373091 -0.923461
vn -0.215773 -0.898758 -0.381676
vn -0.072519 -0.921447 0.381676
vn -0.030104 -0.382510 0.923461
vn 0.030104 0.382510 0.923461
vn 0.072519 0.921447 0.381676
vn 0.072519 0.921447 -0.381676
vn 0.030104 0.382510 -0.923461
vn -0.030104 -0.382510 -0.923461
vn -0.072519 -0.921447 -0.381676
vn 0.072519 -0.921447 0.381676
vn 0.030104 -0.382510 0.923461
vn -0.030104 0.382510 0.923461
vn -0.072519 0.921447 0.381676
vn -0.072519 0.921447 -0.381676
vn -0.030104 0.382510 -0.923461
vn 0.030104 -0.382510 -0.923461
vn 0.072519 -0.921447 -0.381676
vn 0.215773 -0.898758 0.381676
vn 0.089571 -0.373091 0.923461
vn -0.089571 0.373091 0.923461
vn -0.215773 0.898758 0.381676
vn -0.215773 0.898758 -0.381676
vn -0.089571 0.373091 -0.923461
vn 0.089571 -0.373091 -0.923461
vn 0.215773 -0.898758 -0.381676
vn 0.353713 -0.853938 0.381676
vn 0.146833 -0.354486 0.923461
vn -0.146833 0.354486 0.923461
vn -0.353713 0.853938 0.381676
vn -0.353713 0.853938 -0.381676
vn -0.146833 0.354486 -0.923461
vn 0.146833 -0.354486 -0.923461
vn 0.353713 -0.853938 -0.381676
vn 0.482943 -0.788092 0.381676
vn 0.200479 -0.327152 0.923461
vn -0.200479 0.327152 0.923461
vn -0.482943 0.788092 0.381676
vn -0.482943 0.788092 -0.381676
vn -0.200479 0.327152 -0.923461
vn 0.200479 -0.327152 -0.923461
vn 0.482943 -0.788092 -0.381676
vn 0.600282 -0.702840 0.381676
vn 0.249189 -0.291762 0.923461
vn -0.249189 0.291762 0.923461
vn -0.600282 0.702840 0.381676
vn -0.600282 0.702840 -0.381676
vn -0.249189 0.291762 -0.923461
vn 0.249189 -0.291762 -0.923461
vn 0.600282 -0.702840 -0.381676
vn 0.702840 -0.600282 0.381676
vn 0.291762 -0.249189 0.923461
vn -0.291762 0.249189 0.923461
vn -0.702840 0.600282 0.381676
vn -0.702840 0.600282 -0.381676
vn -0.291762 0.249189 -0.923461
vn 0.291762 -0.249189 -0.923461
vn 0.702840 -0.600282 -0.381676
vn 0.788092 -0.482943 0.381676
vn 0.327152 -0.200479 0.923461
vn -0.327152 0.200479 0.923461
vn -0.788092 0.482943 0.381676
vn -0.788092 0.482943 -0.381676
vn -0.327152 0.200479 -0.923461
vn 0.327152 -0.200479 -0.923461
vn 0.788092 -0.482943 -0.381676
vn 0.853938 -0.353713 0.381676
vn 0.354486 -0.146833 0.923461
vn -0.354486 0.146833 0.923461
vn -0.853938 0.353713 0.381676
vn -0.853938 0.353713 -0.381676
vn -0.354486 0.146833 -0.923461
vn 0.354486 -0.146833 -0.923461
vn 0.853938 -0.353713 -0.381676
vn 0.898758 -0.215773 0.381676
vn 0.373091 -0.089571 0.923461
vn -0.373091 0.089571 0.923461
vn -0.898758 0.215773 0.381676
vn -0.898758 0.215773 -0.381676
vn -0.373091 0.089571 -0.923461
vn 0.373091 -0.089571 -0.923461
vn 0.898758 -0.215773 -0.381676
vn 0.921447 -0.072519 0.381676
vn 0.382510 -0.030104 0.923461
vn -0.382510 0.030104 0.923461
vn -0.921447 0.072519 0.381676
vn -0.921447 0.072519 -0.381676
vn -0.382510 0.030104 -0.923461
vn 0.382510 -0.030104 -0.923461
vn 0.921447 -0.072519 -0.381676
vn 0.862892 0.084987 0.498191
vn 0.000000 0.000000 1.000000
vn -0.862892 -0.084987 0.498191
vn -0.862892 -0.084987 -0.498191
vn 0.000000 0.000000 -1.000000
vn 0.862892 0.084987 -0.498191
vn 0.829732 0.251696 0.498191
vn 0.000000 0.000000 1.000000
vn -0.829732 -0.251696 0.498191
vn -0.829732 -0.251696 -0.498191
vn 0.000000 0.000000 -1.000000
vn 0.829732 0.251696 -0.498191
vn 0.764685 0.408733 0.498191
vn 0.000000 0.000000 1.000000
vn -0.764685 -0.408733 0.498191
vn -0.764685 -0.408733 -0.498191
vn 0.000000 0.000000 -1.000000
vn 0.764685 0.408733 -0.498191
vn 0.670252 0.550062 0.498191
vn 0.000000 0.000000 1.000000
vn -0.670252 -0.550062 0.498191
vn -0.670252 -0.550062 -0.498191
vn 0.000000 0.000000 -1.000000
vn 0.670252 0.550062 -0.498191
vn 0.550062 0.670252 0.498191
vn 0.000000 0.000000 1.000000
vn -0.550062 -0.670252 0.498191
vn -0.550062 -0.670252 -0.498191
vn 0.000000 0.000000 -1.000000
vn 0.550062 0.670252 -0.498191
vn 0.408733 0.764685 0.498191
vn 0.000000 0.000000 1.000000
vn -0.408733 -0.764685 0.498191
vn -0.408733 -0.764685 -0.498191
vn 0.000000 0.000000 -1.000000
vn 0.408733 0.764685 -0.498191
vn 0.251696 0.829732 0.498191
vn 0.000000 0.000000 1.000000
vn -0.251696 -0.829732 0.498191
vn -0.251696 -0.829732 -0.498191
vn 0.000000 0.000000 -1.000000
vn 0.251696 0.829732 -0.498191
vn 0.084987 0.862892 0.498191
vn 0.000000 0.000000 1.000000
vn -0.084987 -0.862892 0.498191
vn -0.084987 -0.862892 -0.498191
vn 0.000000 0.000000 -1.000000
vn 0.084987 0.862892 -0.498191
vn -0.084987 0.862892 0.498191
vn 0.000000 0.000000 1.000000
vn 0.084987 -0.862892 0.498191
vn 0.084987 -0.862892 -0.498191
vn -0.000000 0.000000 -1.000000
vn -0.084987 0.862892 -0.498191
vn -0.251696 0.829732 0.498191
vn 0.000000 0.000000 1.000000
vn 0.251696 -0.829732 0.498191
vn 0.251696 -0.829732 -0.498191
vn 0.000000 0.000000 -1.000000
vn -0.251696 0.829732 -0.498191
vn -0.408733 0.764685 0.498191
vn 0.000000 0.000000 1.000000
vn 0.408733 -0.764685 0.498191
vn 0.408733 -0.764685 -0.498191
vn 0.000000 0.000000 -1.000000
vn -0.408733 0.764685 -0.498191
vn -0.550062 0.670252 0.498191
vn 0.000000 0.000000 1.000000
vn 0.550062 -0.670252 0.498191
vn 0.550062 -0.670252 -0.498191
vn 0.000000 0.000000 -1.000000
vn -0.550062 0.670252 -0.498191
vn -0.670252 0.550062 0.498191
vn 0.000000 0.000000 1.000000
vn 0.670252 -0.550062 0.498191
vn 0.670252 -0.550062 -0.498191
vn 0.000000 0.000000 -1.000000
vn -0.670252 0.550062 -0.498191
vn -0.764685 0.408733 0.498191
vn 0.000000 0.000000 1.000000
vn 0.764685 -0.408733 0.498191
vn 0.764685 -0.408733 -0.498191
vn 0.000000 0.000000 -1.000000
vn -0.764685 0.408733 -0.498191
vn -0.829732 0.251696 0.498191
vn 0.000000 0.000000 1.000000
vn 0.829732 -0.251696 0.498191
vn 0.829732 -0.251696 -0.498191
vn 0.000000 0.000000 -1.000000
vn -0.829732 0.251696 -0.498191
vn -0.862892 0.084987 0.498191
vn 0.000000 0.000000 1.000000
vn 0.862892 -0.084987 0.498191
vn 0.862892 -0.084987 -0.498191
vn 0.000000 0.000000 -1.000000
vn -0.862892 0.084987 -0.498191
vn -0.862892 -0.084987 0.498191
vn 0.000000 0.000000 1.000000
vn 0.862892 0.084987 0.498191
vn 0.862892 0.084987 -0.498191
vn 0.000000 -0.000000 -1.000000
vn -0.862892 -0.084987 -0.498191
vn -0.829732 -0.251696 0.498191
vn 0.000000 0.000000 1.000000
vn 0.829732 0.251696 0.498191
vn 0.829732 0.251696 -0.498191
vn 0.000000 0.000000 -1.000000
vn -0.829732 -0.251696 -0.498191
vn -0.764685 -0.408733 0.498191
vn 0.000000 0.000000 1.000000
vn 0.764685 0.408733 0.498191
vn 0.764685 0.408733 -0.498191
vn 0.000000 0.000000 -1.000000
vn -0.764685 -0.408733 -0.498191
vn -0.670252 -0.550062 0.498191
vn 0.000000 0.000000 1.000000
vn 0.670252 0.550062 0.498191
vn 0.670252 0.550062 -0.498191
vn 0.000000 0.000000 -1.000000
vn -0.670252 -0.550062 -0.498191
vn -0.550062 -0.670252 0.498191
vn 0.000000 0.000000 1.000000
vn 0.550062 0.670252 0.498191
vn 0.550062 0.670252 -0.498191
vn 0.000000 0.000000 -1.000000
vn -0.550062 -0.670252 -0.498191
vn -0.408733 -0.764685 0.498191
vn 0.000000 0.000000 1.000000
vn 0.408733 0.764685 0.498191
vn 0.408733 0.764685 -0.498191
vn 0.000000 0.000000 -1.000000
vn -0.408733 -0.764685 -0.498191
vn -0.251696 -0.829732 0.498191
vn 0.000000 0.000000 1.000000
vn 0.251696 0.829732 0.498191
vn 0.251696 0.829732 -0.498191
vn 0.000000 0.000000 -1.000000
vn -0.251696 -0.829732 -0.498191
vn -0.084987 -0.862892 0.498191
vn -0.000000 0.000000 1.000000
vn 0.084987 0.862892 0.498191
vn 0.084987 0.862892 -0.498191
vn 0.000000 0.000000 -1.000000
vn -0.084987 -0.862892 -0.498191
vn 0.084987 -0.862892 0.498191
vn 0.000000 0.000000 1.000000
vn -0.084987 0.862892 0.498191
vn -0.084987 0.862892 -0.498191
vn 0.000000 0.000000 -1.000000
vn 0.084987 -0.862892 -0.498191
vn 0.251696 -0.829732 0.498191
vn 0.000000 0.000000 1.000000
vn -0.251696 0.829732 0.498191
vn -0.251696 0.829732 -0.498191
vn 0.000000 0.000000 -1.000000
vn 0.251696 -0.829732 -0.498191
vn 0.408733 -0.764685 0.498191
vn 0.000000 0.000000 1.000000
vn -0.408733 0.764685 0.498191
vn -0.408733 0.764685 -0.498191
vn 0.000000 0.000000 -1.000000
vn 0.408733 -0.764685 -0.498191
vn 0.550062 -0.670252 0.498191
vn 0.000000 0.000000 1.000000
vn -0.550062 0.670252 0.498191
vn -0.550062 0.670252 -0.498191
vn 0.000000 0.000000 -1.000000
vn 0.550062 -0.670252 -0.498191
vn 0.670252 -0.550062 0.498191
vn 0.000000 0.000000 1.000000
vn -0.670252 0.550062 0.498191
vn -0.670252 0.550062 -0.498191
vn 0.000000 0.000000 -1.000000
vn 0.670252 -0.550062 -0.498191
vn 0.764685 -0.408733 0.498191
vn 0.000000 0.000000 1.000000
vn -0.764685 0.408733 0.498191
vn -0.764685 0.408733 -0.498191
vn 0.000000 0.000000 -1.000000
vn 0.764685 -0.408733 -0.498191
vn 0.829732 -0.251696 0.498191
vn 0.000000 0.000000 1.000000
vn -0.829732 0.251696 0.498191
vn -0.829732 0.251696 -0.498191
vn 0.000000 0.000000 -1.000000
vn 0.829732 -0.251696 -0.498191
vn 0.862892 -0.084987 0.498191
vn 0.000000 -0.000000 1.000000
vn -0.862892 0.084987 0.498191
vn -0.862892 0.084987 -0.498191
vn 0.000000 0.000000 -1.000000
vn 0.862892 -0.084987 -0.498191
vn -0.309017 0.000000 -0.951057
vn -0.809017 0.000000 -0.587785
vn -1.000000 0.000000 -0.000000
vn -0.809017 0.000000 0.587785
vn -0.309017 0.000000 0.951057
vn 0.309017 0.000000 0.951057
vn 0.809017 0.000000 0.587785
vn 1.000000 0.000000 0.000000
vn 0.809017 0.000000 -0.587785
vn 0.309017 0.000000 -0.951057
vn 0.000000 -1.000000 0.000000
vn 0.000000 1.000000 0.000000
vn 0.000000 -0.382683 0.923880
vn 0.000000 -0.923880 0.382683
vn 0.000000 -0.923880 -0.382683
vn 0.000000 -0.382683 -0.923880
vn 0.000000 0.382683 -0.923880
vn 0.000000 0.923880 -0.382683
vn 0.000000 0.923880 0.382683
vn 0.000000 0.382683 0.923880
vn -1.000000 0.000000 0.000000
vn 1.000000 0.000000 0.000000
vn 0.000000 -0.382683 0.923880
vn 0.000000 -0.923880 0.382683
vn 0.000000 -0.923880 -0.382683
vn 0.000000 -0.382683 -0.923880
vn 0.000000 0.382683 -0.923880
vn 0.000000 0.923880 -0.382683
vn 0.000000 0.923880 0.382683
vn 0.000000 0.382683 0.923880
vn -1.000000 0.000000 0.000000
vn 1.000000 0.000000 0.000000
vn 0.000000 -1.000000 0.000000
vn 0.000000 1.000000 -0.000000
vn 0.069756 0.000000 -0.997564
vn -0.069756 0.000000 0.997564
vn -0.997564 0.000000 -0.069756
vn 0.997564 -0.000000 0.069756
vn -0.309017 0.000000 -0.951057
vn -0.809017 0.000000 -0.587785
vn -1.000000 0.000000 0.000000
vn -0.809017 0.000000 0.587785
vn -0.309017 0.000000 0.951057
vn 0.309017 0.000000 0.951057
vn 0.809017 0.000000 0.587785
vn 1.000000 0.000000 0.000000
vn 0.809017 0.000000 -0.587785
vn 0.309017 0.000000 -0.951057
vn 0.000000 -1.000000 0.000000
vn 0.000000 1.000000 0.000000
vn 0.218508 -0.218508 0.951057
vn 0.572061 -0.572061 0.587785
vn 0.707107 -0.707107 0.000000
vn 0.572061 -0.572061 -0.587785
vn 0.218508 -0.218508 -0.951057
vn -0.218508 0.218508 -0.951057
vn -0.572061 0.572061 -0.587785
vn -0.707107 0.707107 0.000000
vn -0.572061 0.572061 0.587785
vn -0.218508 0.218508 0.951057
vn -0.707107 -0.707107 0.000000
vn 0.707107 0.707107 0.000000
vn 0.000000 -1.000000 0.000000
vn 0.000000 1.000000 0.000000
vn 0.000000 0.000000 -1.000000
vn 0.000000 0.000000 1.000000
vn -1.000000 0.000000 0.000000
vn 1.000000 0.000000 0.000000
vn 0.000000 -1.000000 0.000000
vn 0.000000 1.000000 0.000000
vn 0.000000 0.000000 -1.000000
vn 0.000000 0.000000 1.000000
vn -1.000000 0.000000 0.000000
vn 1.000000 0.000000 0.000000
vn 0.000000 -1.000000 0.000000
vn 0.000000 1.000000 0.000000
vn 0.000000 0.000000 -1.000000
vn 0.000000 0.000000 1.000000
vn -1.000000 0.000000 0.000000
vn 1.000000 0.000000 0.000000
vn 0.000000 -1.000000 0.000000
vn 0.000000 1.000000 0.000000
vn 0.000000 0.000000 -1.000000
vn 0.000000 0.000000 1.000000
vn -1.000000 0.000000 0.000000
vn 1.000000 0.000000 0.000000
vn 0.000000 -1.000000 0.000000
vn 0.000000 1.000000 0.000000
vn 0.000000 0.000000 -1.000000
vn 0.000000 0.000000 1.000000
vn -1.000000 0.000000 0.000000
vn 1.000000 0.000000 0.000000
vn 0.000000 -1.000000 0.000000
vn 0.000000 1.000000 0.000000
vn 0.000000 0.000000 -1.000000
vn 0.000000 0.000000 1.000000
vn -1.000000 0.000000 0.000000
vn 1.000000 0.000000 0.000000
vn 0.000000 -1.000000 0.000000
vn 0.000000 1.000000 0.000000
vn 0.000000 0.000000 -1.000000
vn 0.000000 0.000000 1.000000
vn -1.000000 0.000000 0.000000
vn 1.000000 0.000000 0.000000
vn 0.000000 -1.000000 0.000000
vn 0.000000 1.000000 0.000000
vn 0.000000 0.000000 -1.000000
vn 0.000000 0.000000 1.000000
vn -1.000000 0.000000 0.000000
vn 1.000000 0.000000 0.000000
vn 0.000000 -1.000000 0.000000
vn 0.000000 1.000000 0.000000
vn 0.000000 0.000000 -1.000000
vn 0.000000 0.000000 1.000000
vn -1.000000 0.000000 0.000000
vn 1.000000 0.000000 0.000000
vn 0.000000 -1.000000 0.000000
vn 0.000000 1.000000 0.000000
vn 0.000000 0.000000 -1.000000
vn 0.000000 0.000000 1.000000
vn -1.000000 0.000000 0.000000
vn 1.000000 0.000000 0.000000
vn 0.000000 -1.000000 0.000000
vn 0.000000 1.000000 0.000000
vn 0.000000 0.000000 -1.000000
vn 0.000000 0.000000 1.000000
vn -1.000000 0.000000 0.000000
vn 1.000000 0.000000 0.000000
vn 0.000000 -1.000000 0.000000
vn 0.000000 1.000000 0.000000
vn 0.000000 0.000000 -1.000000
vn 0.000000 0.000000 1.000000
vn -1.000000 0.000000 0.000000
vn 1.000000 0.000000 0.000000
vn 0.000000 -1.000000 0.000000
vn 0.000000 1.000000 0.000000
vn 0.000000 0.000000 -1.000000
vn 0.000000 0.000000 1.000000
vn -1.000000 0.000000 0.000000
vn 1.000000 0.000000 0.000000
vn 0.000000 -1.000000 0.000000
vn 0.000000 1.000000 0.000000
vn 0.000000 0.000000 -1.000000
vn 0.000000 0.000000 1.000000
vn -1.000000 0.000000 0.000000
vn 1.000000 0.000000 0.000000
vn 0.000000 -1.000000 0.000000
vn 0.000000 1.000000 0.000000
vn 0.000000 0.000000 -1.000000
vn 0.000000 0.000000 1.000000
vn -1.000000 0.000000 0.000000
vn 1.000000 0.000000 0.000000
vn 0.000000 -1.000000 0.000000
vn 0.000000 1.000000 0.000000
vn -0.069756 0.000000 -0.997564
vn 0.069756 0.000000 0.997564
vn -0.997564 0.000000 0.069756
vn 0.997564 0.000000 -0.069756
vn -0.309017 0.000000 -0.951057
vn -0.809017 0.000000 -0.587785
vn -1.000000 0.000000 0.000000
vn -0.809017 0.000000 0.587785
vn -0.309017 0.000000 0.951057
vn 0.309017 0.000000 0.951057
vn 0.809017 0.000000 0.587785
vn 1.000000 0.000000 0.000000
vn 0.809017 0.000000 -0.587785
vn 0.309017 0.000000 -0.951057
vn 0.000000 -1.000000 0.000000
vn 0.000000 1.000000 0.000000
vn -0.218508 -0.218508 -0.951057
vn -0.572061 -0.572061 -0.587785
vn -0.707107 -0.707107 0.000000
vn -0.572061 -0.572061 0.587785
vn -0.218508 -0.218508 0.951057
vn 0.218508 0.218508 0.951057
vn 0.572061 0.572061 0.587785
vn 0.707107 0.707107 0.000000
vn 0.572061 0.572061 -0.587785
vn 0.218508 0.218508 -0.951057
vn 0.707107 -0.707107 0.000000
vn -0.707107 0.707107 -0.000000
vn 0.000000 -1.000000 0.000000
vn 0.000000 1.000000 0.000000
vn 0.000000 0.000000 -1.000000
vn 0.000000 0.000000 1.000000
vn -1.000000 0.000000 0.000000
vn 1.000000 0.000000 0.000000
vn 0.000000 -1.000000 0.000000
vn 0.000000 1.000000 0.000000
vn 0.000000 0.000000 -1.000000
vn 0.000000 0.000000 1.000000
vn -1.000000 0.000000 0.000000
vn 1.000000 0.000000 0.000000
vn 0.000000 -1.000000 0.000000
vn 0.000000 1.000000 0.000000
vn 0.000000 0.000000 -1.000000
vn 0.000000 0.000000 1.000000
vn -1.000000 0.000000 0.000000
vn 1.000000 0.000000 0.000000
vn 0.000000 -1.000000 0.000000
vn 0.000000 1.000000 0.000000
vn 0.000000 0.000000 -1.000000
vn 0.000000 0.000000 1.000000
vn -1.000000 0.000000 0.000000
vn 1.000000 0.000000 0.000000
vn 0.000000 -1.000000 0.000000
vn 0.000000 1.000000 0.000000
vn 0.000000 0.000000 -1.000000
vn 0.000000 0.000000 1.000000
vn -1.000000 0.000000 0.000000
vn 1.000000 0.000000 0.000000
vn 0.000000 -1.000000 0.000000
vn 0.000000 1.000000 0.000000
vn 0.000000 0.000000 -1.000000
vn 0.000000 0.000000 1.000000
vn -1.000000 0.000000 0.000000
vn 1.000000 0.000000 0.000000
vn 0.000000 -1.000000 0.000000
vn 0.000000 1.000000 0.000000
vn 0.000000 0.000000 -1.000000
vn 0.000000 0.000000 1.000000
vn -1.000000 0.000000 0.000000
vn 1.000000 0.000000 0.000000
vn 0.000000 -1.000000 0.000000
vn 0.000000 1.000000 0.000000
vn 0.000000 0.000000 -1.000000
vn 0.000000 0.000000 1.000000
vn -1.000000 0.000000 0.000000
vn 1.000000 0.000000 0.000000
vn 0.000000 -1.000000 0.000000
vn 0.000000 1.000000 0.000000
vn 0.000000 0.000000 -1.000000
vn 0.000000 0.000000 1.000000
vn -1.000000 0.000000 0.000000
vn 1.000000 0.000000 0.000000
vn 0.000000 -1.000000 0.000000
vn 0.000000 1.000000 0.000000
vn 0.000000 0.000000 -1.000000
vn 0.000000 0.000000 1.000000
vn -1.000000 0.000000 0.000000
vn 1.000000 0.000000 0.000000
vn 0.000000 -1.000000 0.000000
vn 0.000000 1.000000 0.000000
vn 0.000000 0.000000 -1.000000
vn 0.000000 0.000000 1.000000
vn -1.000000 0.000000 0.000000
vn 1.000000 0.000000 0.000000
vn 0.000000 -1.000000 0.000000
vn 0.000000 1.000000 0.000000
vn 0.000000 0.000000 -1.000000
vn 0.000000 0.000000 1.000000
vn -1.000000 0.000000 0.000000
vn 1.000000 0.000000 0.000000
vn 0.000000 -1.000000 0.000000
vn 0.000000 1.000000 0.000000
vn 0.000000 0.000000 -1.000000
vn 0.000000 0.000000 1.000000
vn -1.000000 0.000000 0.000000
vn 1.000000 0.000000 0.000000
vn 0.000000 -1.000000 0.000000
vn 0.000000 1.000000 0.000000
vn 0.000000 0.000000 -1.000000
vn 0.000000 0.000000 1.000000
vn -1.000000 0.000000 0.000000
vn 1.000000 0.000000 0.000000
vn 0.000000 -1.000000 0.000000
vn 0.000000 1.000000 0.000000
vn 0.000000 0.000000 -1.000000
vn 0.000000 0.000000 1.000000
vn -1.000000 0.000000 0.000000
vn 1.000000 0.000000 0.000000
vn 0.000000 -1.000000 0.000000
vn 0.000000 1.000000 -0.000000
vn 0.139173 0.000000 -0.990268
vn -0.139173 0.000000 0.990268
vn -0.990268 0.000000 -0.139173
vn 0.990268 -0.000000 0.139173
vn 0.000000 -1.000000 0.000000
vn 0.000000 1.000000 0.000000
vn -0.207912 0.000000 -0.978148
vn 0.207912 0.000000 0.978148
vn -0.978148 0.000000 0.207912
vn 0.978148 0.000000 -0.207912
vn -0.378335 0.083623 -0.921884
vn -0.913381 -0.079081 -0.399352
vn -0.913381 -0.195461 0.357115
vn -0.378335 -0.197342 0.904389
vn 0.378335 -0.083623 0.921884
vn 0.913381 0.079081 0.399352
vn 0.913381 0.195461 -0.357115
vn 0.378335 0.197342 -0.904389
vn 0.150329 -0.977140 -0.150329
vn -0.150329 0.977140 0.150329
vn -0.376928 0.306877 -0.873929
vn -0.909986 0.254688 -0.327200
vn -0.909986 0.053307 0.411198
vn -0.376928 -0.179301 0.908722
vn 0.376928 -0.306877 0.873929
vn 0.909986 -0.254688 0.327200
vn 0.909986 -0.053307 -0.411198
vn 0.376928 0.179301 -0.908722
vn -0.172774 -0.950255 -0.259161
vn 0.172774 0.950255 0.259161
vn 0.000000 -1.000000 0.000000
vn -0.000000 1.000000 0.000000
vn -0.139173 0.000000 -0.990268
vn 0.139173 0.000000 0.990268
vn -0.990268 0.000000 0.139173
vn 0.990268 0.000000 -0.139173
vn 0.000000 -1.000000 0.000000
vn 0.000000 1.000000 -0.000000
vn 0.104528 0.000000 -0.994522
vn -0.104528 0.000000 0.994522
vn -0.994522 0.000000 -0.104528
vn 0.994522 -0.000000 0.104528
vn 0.000000 -1.000000 0.000000
vn 0.000000 1.000000 0.000000
vn 0.000000 0.000000 -1.000000
vn 0.000000 0.000000 1.000000
vn -1.000000 0.000000 0.000000
vn 1.000000 0.000000 0.000000
vn 0.000000 -1.000000 0.000000
vn 0.000000 1.000000 0.000000
vn -0.484810 0.000000 -0.874620
vn 0.484810 0.000000 0.874620
vn -0.874620 0.000000 0.484810
vn 0.874620 0.000000 -0.484810
vn 0.000000 -1.000000 0.000000
vn -0.000000 1.000000 0.000000
vn -0.848048 0.000000 -0.529919
vn 0.848048 0.000000 0.529919
vn -0.529919 0.000000 0.848048
vn 0.529919 0.000000 -0.848048
vn 0.000000 -1.000000 0.000000
vn -0.000000 1.000000 0.000000
vn -0.998630 0.000000 -0.052336
vn 0.998630 0.000000 0.052336
vn -0.052336 0.000000 0.998630
vn 0.052336 0.000000 -0.998630
vn 0.000000 -1.000000 0.000000
vn 0.000000 1.000000 0.000000
vn -0.438371 0.000000 -0.898794
vn 0.438371 0.000000 0.898794
vn -0.898794 0.000000 0.438371
vn 0.898794 0.000000 -0.438371
vn 0.000000 -1.000000 0.000000
vn -0.000000 1.000000 0.000000
vn -0.819152 0.000000 -0.573576
vn 0.819152 0.000000 0.573576
vn -0.573576 0.000000 0.819152
vn 0.573576 0.000000 -0.819152
vn 0.000000 -1.000000 0.000000
vn -0.000000 1.000000 0.000000
vn -0.994522 0.000000 -0.104528
vn 0.994522 0.000000 0.104528
vn -0.104528 0.000000 0.994522
vn 0.104528 0.000000 -0.994522
vn 0.000000 -1.000000 0.000000
vn 0.000000 1.000000 0.000000
vn -0.390731 0.000000 -0.920505
vn 0.390731 0.000000 0.920505
vn -0.920505 0.000000 0.390731
vn 0.920505 0.000000 -0.390731
vn 0.000000 -1.000000 0.000000
vn -0.000000 1.000000 0.000000
vn -0.788011 0.000000 -0.615661
vn 0.788011 0.000000 0.615661
vn -0.615661 0.000000 0.788011
vn 0.615661 0.000000 -0.788011
vn 0.000000 -1.000000 0.000000
vn -0.000000 1.000000 0.000000
vn -0.987688 0.000000 -0.156434
vn 0.987688 0.000000 0.156434
vn -0.156434 0.000000 0.987688
vn 0.156434 0.000000 -0.987688
vn 0.000000 -1.000000 0.000000
vn 0.000000 1.000000 0.000000
vn -0.342020 0.000000 -0.939693
vn 0.342020 0.000000 0.939693
vn -0.939693 0.000000 0.342020
vn 0.939693 0.000000 -0.342020
vn 0.000000 -1.000000 0.000000
vn -0.000000 1.000000 0.000000
vn -0.754710 0.000000 -0.656059
vn 0.754710 0.000000 0.656059
vn -0.656059 0.000000 0.754710
vn 0.656059 0.000000 -0.754710
vn 0.000000 -1.000000 0.000000
vn -0.000000 1.000000 0.000000
vn -0.978148 0.000000 -0.207912
vn 0.978148 0.000000 0.207912
vn -0.207912 0.000000 0.978148
vn 0.207912 0.000000 -0.978148
vn 0.000000 -1.000000 0.000000
vn 0.000000 1.000000 0.000000
vn -0.292372 0.000000 -0.956305
vn 0.292372 0.000000 0.956305
vn -0.956305 0.000000 0.292372
vn 0.956305 0.000000 -0.292372
vn 0.000000 -1.000000 0.000000
vn 0.000000 1.000000 0.000000
vn 0.000000 0.000000 -1.000000
vn 0.000000 0.000000 1.000000
vn -1.000000 0.000000 0.000000
vn 1.000000 0.000000 0.000000
vn 0.000000 -1.000000 0.000000
vn 0.000000 1.000000 0.000000
vn -0.484810 0.000000 -0.874620
vn 0.484810 0.000000 0.874620
vn -0.874620 0.000000 0.484810
vn 0.874620 0.000000 -0.484810
vn 0.000000 -1.000000 0.000000
vn -0.000000 1.000000 0.000000
vn -0.848048 0.000000 -0.529919
vn 0.848048 0.000000 0.529919
vn -0.529919 0.000000 0.848048
vn 0.529919 0.000000 -0.848048
vn 0.000000 -1.000000 0.000000
vn -0.000000 1.000000 0.000000
vn -0.998630 0.000000 -0.052336
vn 0.998630 0.000000 0.052336
vn -0.052336 0.000000 0.998630
vn 0.052336 0.000000 -0.998630
vn 0.000000 -1.000000 0.000000
vn 0.000000 1.000000 0.000000
vn -0.438371 0.000000 -0.898794
vn 0.438371 0.000000 0.898794
vn -0.898794 0.000000 0.438371
vn 0.898794 0.000000 -0.438371
vn 0.000000 -1.000000 0.000000
vn -0.000000 1.000000 0.000000
vn -0.819152 0.000000 -0.573576
vn 0.819152 0.000000 0.573576
vn -0.573576 0.000000 0.819152
vn 0.573576 0.000000 -0.819152
vn 0.000000 -1.000000 0.000000
vn -0.000000 1.000000 0.000000
vn -0.994522 0.000000 -0.104528
vn 0.994522 0.000000 0.104528
vn -0.104528 0.000000 0.994522
vn 0.104528 0.000000 -0.994522
vn 0.000000 -1.000000 0.000000
vn 0.000000 1.000000 0.000000
vn -0.390731 0.000000 -0.920505
vn 0.390731 0.000000 0.920505
vn -0.920505 0.000000 0.390731
vn 0.920505 0.000000 -0.390731
vn 0.000000 -1.000000 0.000000
vn -0.000000 1.000000 0.000000
vn -0.788011 0.000000 -0.615661
vn 0.788011 0.000000 0.615661
vn -0.615661 0.000000 0.788011
vn 0.615661 0.000000 -0.788011
vn 0.000000 -1.000000 0.000000
vn -0.000000 1.000000 0.000000
vn -0.987688 0.000000 -0.156434
vn 0.987688 0.000000 0.156434
vn -0.156434 0.000000 0.987688
vn 0.156434 0.000000 -0.987688
vn 0.000000 -1.000000 0.000000
vn 0.000000 1.000000 0.000000
vn -0.342020 0.000000 -0.939693
vn 0.342020 0.000000 0.939693
vn -0.939693 0.000000 0.342020
vn 0.939693 0.000000 -0.342020
vn 0.000000 -1.000000 0.000000
vn -0.000000 1.000000 0.000000
vn -0.754710 0.000000 -0.656059
vn 0.754710 0.000000 0.656059
vn -0.656059 0.000000 0.754710
vn 0.656059 0.000000 -0.754710
s off
g Architecture
usemtl MR_ConcreteDark
f 1//1 2//1 3//1 4//1
f 5//2 8//2 7//2 6//2
f 1//3 5//3 6//3 2//3
f 4//4 3//4 7//4 8//4
f 1//5 4//5 8//5 5//5
f 2//6 6//6 7//6 3//6
usemtl MR_Concrete
f 9//7 10//7 11//7 12//7
f 13//8 16//8 15//8 14//8
f 9//9 13//9 14//9 10//9
f 12//10 11//10 15//10 16//10
f 9//11 12//11 16//11 13//11
f 10//12 14//12 15//12 11//12
g MainTower
f 17//13 18//13 19//13 20//13
f 21//14 24//14 23//14 22//14
f 17//15 21//15 22//15 18//15
f 20//16 19//16 23//16 24//16
f 17//17 20//17 24//17 21//17
f 18//18 22//18 23//18 19//18
f 25//19 26//19 27//19 28//19
f 29//20 32//20 31//20 30//20
f 25//21 29//21 30//21 26//21
f 28//22 27//22 31//22 32//22
f 25//23 28//23 32//23 29//23
f 26//24 30//24 31//24 27//24
usemtl MR_ConcreteDark
f 33//25 34//25 35//25 36//25
f 37//26 40//26 39//26 38//26
f 33//27 37//27 38//27 34//27
f 36//28 35//28 39//28 40//28
f 33//29 36//29 40//29 37//29
f 34//30 38//30 39//30 35//30
f 41//31 42//31 43//31 44//31
f 45//32 48//32 47//32 46//32
f 41//33 45//33 46//33 42//33
f 44//34 43//34 47//34 48//34
f 41//35 44//35 48//35 45//35
f 42//36 46//36 47//36 43//36
f 49//37 50//37 51//37 52//37
f 53//38 56//38 55//38 54//38
f 49//39 53//39 54//39 50//39
f 52//40 51//40 55//40 56//40
f 49//41 52//41 56//41 53//41
f 50//42 54//42 55//42 51//42
g LeftWing
usemtl MR_Concrete
f 57//43 58//43 59//43 60//43
f 61//44 64//44 63//44 62//44
f 57//45 61//45 62//45 58//45
f 60//46 59//46 63//46 64//46
f 57//47 60//47 64//47 61//47
f 58//48 62//48 63//48 59//48
g RightWing
f 65//49 66//49 67//49 68//49
f 69//50 72//50 71//50 70//50
f 65//51 69//51 70//51 66//51
f 68//52 67//52 71//52 72//52
f 65//53 68//53 72//53 69//53
f 66//54 70//54 71//54 67//54
g LeftWing
usemtl MR_ConcreteDark
f 73//55 74//55 75//55 76//55
f 77//56 80//56 79//56 78//56
f 73//57 77//57 78//57 74//57
f 76//58 75//58 79//58 80//58
f 73//59 76//59 80//59 77//59
f 74//60 78//60 79//60 75//60
g RightWing
f 81//61 82//61 83//61 84//61
f 85//62 88//62 87//62 86//62
f 81//63 85//63 86//63 82//63
f 84//64 83//64 87//64 88//64
f 81//65 84//65 88//65 85//65
f 82//66 86//66 87//66 83//66
g LeftWing
f 89//67 90//67 91//67 92//67
f 93//68 96//68 95//68 94//68
f 89//69 93//69 94//69 90//69
f 92//70 91//70 95//70 96//70
f 89//71 92//71 96//71 93//71
f 90//72 94//72 95//72 91//72
g RightWing
f 97//73 98//73 99//73 100//73
f 101//74 104//74 103//74 102//74
f 97//75 101//75 102//75 98//75
f 100//76 99//76 103//76 104//76
f 97//77 100//77 104//77 101//77
f 98//78 102//78 103//78 99//78
g Entrance
f 105//79 106//79 107//79 108//79
f 109//80 112//80 111//80 110//80
f 105//81 109//81 110//81 106//81
f 108//82 107//82 111//82 112//82
f 105//83 108//83 112//83 109//83
f 106//84 110//84 111//84 107//84
f 113//85 114//85 115//85 116//85
f 117//86 120//86 119//86 118//86
f 113//87 117//87 118//87 114//87
f 116//88 115//88 119//88 120//88
f 113//89 116//89 120//89 117//89
f 114//90 118//90 119//90 115//90
f 121//91 122//91 123//91 124//91
f 125//92 128//92 127//92 126//92
f 121//93 125//93 126//93 122//93
f 124//94 123//94 127//94 128//94
f 121//95 124//95 128//95 125//95
f 122//96 126//96 127//96 123//96
usemtl MR_WindowDark
f 129//97 130//97 131//97 132//97
f 133//98 136//98 135//98 134//98
f 129//99 133//99 134//99 130//99
f 132//100 131//100 135//100 136//100
f 129//101 132//101 136//101 133//101
f 130//102 134//102 135//102 131//102
usemtl MR_DarkMetal
f 137//103 138//103 139//103 140//103
f 141//104 144//104 143//104 142//104
f 137//105 141//105 142//105 138//105
f 140//106 139//106 143//106 144//106
f 137//107 140//107 144//107 141//107
f 138//108 142//108 143//108 139//108
f 145//109 146//109 147//109 148//109
f 149//110 152//110 151//110 150//110
f 145//111 149//111 150//111 146//111
f 148//112 147//112 151//112 152//112
f 145//113 148//113 152//113 149//113
f 146//114 150//114 151//114 147//114
usemtl MR_CyanEmission
f 153//115 154//115 155//115 156//115
f 157//116 160//116 159//116 158//116
f 153//117 157//117 158//117 154//117
f 156//118 155//118 159//118 160//118
f 153//119 156//119 160//119 157//119
f 154//120 158//120 159//120 155//120
usemtl MR_DarkMetal
f 161//121 162//121 163//121 164//121
f 165//122 168//122 167//122 166//122
f 161//123 165//123 166//123 162//123
f 164//124 163//124 167//124 168//124
f 161//125 164//125 168//125 165//125
f 162//126 166//126 167//126 163//126
usemtl MR_SecondaryMetal
f 169//127 170//127 171//127 172//127
f 173//128 176//128 175//128 174//128
f 169//129 173//129 174//129 170//129
f 172//130 171//130 175//130 176//130
f 169//131 172//131 176//131 173//131
f 170//132 174//132 175//132 171//132
usemtl MR_DarkMetal
f 177//133 178//133 179//133 180//133
f 181//134 184//134 183//134 182//134
f 177//135 181//135 182//135 178//135
f 180//136 179//136 183//136 184//136
f 177//137 180//137 184//137 181//137
f 178//138 182//138 183//138 179//138
usemtl MR_CyanEmission
f 185//139 186//139 187//139 188//139
f 189//140 192//140 191//140 190//140
f 185//141 189//141 190//141 186//141
f 188//142 187//142 191//142 192//142
f 185//143 188//143 192//143 189//143
f 186//144 190//144 191//144 187//144
usemtl MR_Concrete
f 193//145 194//145 195//145 196//145
f 197//146 200//146 199//146 198//146
f 193//147 197//147 198//147 194//147
f 196//148 195//148 199//148 200//148
f 193//149 196//149 200//149 197//149
f 194//150 198//150 199//150 195//150
f 201//151 202//151 203//151 204//151
f 205//152 208//152 207//152 206//152
f 201//153 205//153 206//153 202//153
f 204//154 203//154 207//154 208//154
f 201//155 204//155 208//155 205//155
f 202//156 206//156 207//156 203//156
f 209//157 210//157 211//157 212//157
f 213//158 216//158 215//158 214//158
f 209//159 213//159 214//159 210//159
f 212//160 211//160 215//160 216//160
f 209//161 212//161 216//161 213//161
f 210//162 214//162 215//162 211//162
f 217//163 218//163 219//163 220//163
f 221//164 224//164 223//164 222//164
f 217//165 221//165 222//165 218//165
f 220//166 219//166 223//166 224//166
f 217//167 220//167 224//167 221//167
f 218//168 222//168 223//168 219//168
f 225//169 226//169 227//169 228//169
f 229//170 232//170 231//170 230//170
f 225//171 229//171 230//171 226//171
f 228//172 227//172 231//172 232//172
f 225//173 228//173 232//173 229//173
f 226//174 230//174 231//174 227//174
g MainTower
usemtl MR_SecondaryMetal
f 233//175 234//175 235//175 236//175
f 237//176 240//176 239//176 238//176
f 233//177 237//177 238//177 234//177
f 236//178 235//178 239//178 240//178
f 233//179 236//179 240//179 237//179
f 234//180 238//180 239//180 235//180
f 241//181 242//181 243//181 244//181
f 245//182 248//182 247//182 246//182
f 241//183 245//183 246//183 242//183
f 244//184 243//184 247//184 248//184
f 241//185 244//185 248//185 245//185
f 242//186 246//186 247//186 243//186
f 249//187 250//187 251//187 252//187
f 253//188 256//188 255//188 254//188
f 249//189 253//189 254//189 250//189
f 252//190 251//190 255//190 256//190
f 249//191 252//191 256//191 253//191
f 250//192 254//192 255//192 251//192
f 257//193 258//193 259//193 260//193
f 261//194 264//194 263//194 262//194
f 257//195 261//195 262//195 258//195
f 260//196 259//196 263//196 264//196
f 257//197 260//197 264//197 261//197
f 258//198 262//198 263//198 259//198
f 265//199 266//199 267//199 268//199
f 269//200 272//200 271//200 270//200
f 265//201 269//201 270//201 266//201
f 268//202 267//202 271//202 272//202
f 265//203 268//203 272//203 269//203
f 266//204 270//204 271//204 267//204
f 273//205 274//205 275//205 276//205
f 277//206 280//206 279//206 278//206
f 273//207 277//207 278//207 274//207
f 276//208 275//208 279//208 280//208
f 273//209 276//209 280//209 277//209
f 274//210 278//210 279//210 275//210
g LeftWing
f 281//211 282//211 283//211 284//211
f 285//212 288//212 287//212 286//212
f 281//213 285//213 286//213 282//213
f 284//214 283//214 287//214 288//214
f 281//215 284//215 288//215 285//215
f 282//216 286//216 287//216 283//216
f 289//217 290//217 291//217 292//217
f 293//218 296//218 295//218 294//218
f 289//219 293//219 294//219 290//219
f 292//220 291//220 295//220 296//220
f 289//221 292//221 296//221 293//221
f 290//222 294//222 295//222 291//222
f 297//223 298//223 299//223 300//223
f 301//224 304//224 303//224 302//224
f 297//225 301//225 302//225 298//225
f 300//226 299//226 303//226 304//226
f 297//227 300//227 304//227 301//227
f 298//228 302//228 303//228 299//228
f 305//229 306//229 307//229 308//229
f 309//230 312//230 311//230 310//230
f 305//231 309//231 310//231 306//231
f 308//232 307//232 311//232 312//232
f 305//233 308//233 312//233 309//233
f 306//234 310//234 311//234 307//234
f 313//235 314//235 315//235 316//235
f 317//236 320//236 319//236 318//236
f 313//237 317//237 318//237 314//237
f 316//238 315//238 319//238 320//238
f 313//239 316//239 320//239 317//239
f 314//240 318//240 319//240 315//240
f 321//241 322//241 323//241 324//241
f 325//242 328//242 327//242 326//242
f 321//243 325//243 326//243 322//243
f 324//244 323//244 327//244 328//244
f 321//245 324//245 328//245 325//245
f 322//246 326//246 327//246 323//246
g RightWing
f 329//247 330//247 331//247 332//247
f 333//248 336//248 335//248 334//248
f 329//249 333//249 334//249 330//249
f 332//250 331//250 335//250 336//250
f 329//251 332//251 336//251 333//251
f 330//252 334//252 335//252 331//252
f 337//253 338//253 339//253 340//253
f 341//254 344//254 343//254 342//254
f 337//255 341//255 342//255 338//255
f 340//256 339//256 343//256 344//256
f 337//257 340//257 344//257 341//257
f 338//258 342//258 343//258 339//258
f 345//259 346//259 347//259 348//259
f 349//260 352//260 351//260 350//260
f 345//261 349//261 350//261 346//261
f 348//262 347//262 351//262 352//262
f 345//263 348//263 352//263 349//263
f 346//264 350//264 351//264 347//264
f 353//265 354//265 355//265 356//265
f 357//266 360//266 359//266 358//266
f 353//267 357//267 358//267 354//267
f 356//268 355//268 359//268 360//268
f 353//269 356//269 360//269 357//269
f 354//270 358//270 359//270 355//270
f 361//271 362//271 363//271 364//271
f 365//272 368//272 367//272 366//272
f 361//273 365//273 366//273 362//273
f 364//274 363//274 367//274 368//274
f 361//275 364//275 368//275 365//275
f 362//276 366//276 367//276 363//276
f 369//277 370//277 371//277 372//277
f 373//278 376//278 375//278 374//278
f 369//279 373//279 374//279 370//279
f 372//280 371//280 375//280 376//280
f 369//281 372//281 376//281 373//281
f 370//282 374//282 375//282 371//282
g MainTower
usemtl MR_DimCyan
f 377//283 378//283 379//283 380//283
f 381//284 384//284 383//284 382//284
f 377//285 381//285 382//285 378//285
f 380//286 379//286 383//286 384//286
f 377//287 380//287 384//287 381//287
f 378//288 382//288 383//288 379//288
usemtl MR_WindowDark
f 385//289 386//289 387//289 388//289
f 389//290 392//290 391//290 390//290
f 385//291 389//291 390//291 386//291
f 388//292 387//292 391//292 392//292
f 385//293 388//293 392//293 389//293
f 386//294 390//294 391//294 387//294
f 393//295 394//295 395//295 396//295
f 397//296 400//296 399//296 398//296
f 393//297 397//297 398//297 394//297
f 396//298 395//298 399//298 400//298
f 393//299 396//299 400//299 397//299
f 394//300 398//300 399//300 395//300
f 401//301 402//301 403//301 404//301
f 405//302 408//302 407//302 406//302
f 401//303 405//303 406//303 402//303
f 404//304 403//304 407//304 408//304
f 401//305 404//305 408//305 405//305
f 402//306 406//306 407//306 403//306
f 409//307 410//307 411//307 412//307
f 413//308 416//308 415//308 414//308
f 409//309 413//309 414//309 410//309
f 412//310 411//310 415//310 416//310
f 409//311 412//311 416//311 413//311
f 410//312 414//312 415//312 411//312
f 417//313 418//313 419//313 420//313
f 421//314 424//314 423//314 422//314
f 417//315 421//315 422//315 418//315
f 420//316 419//316 423//316 424//316
f 417//317 420//317 424//317 421//317
f 418//318 422//318 423//318 419//318
f 425//319 426//319 427//319 428//319
f 429//320 432//320 431//320 430//320
f 425//321 429//321 430//321 426//321
f 428//322 427//322 431//322 432//322
f 425//323 428//323 432//323 429//323
f 426//324 430//324 431//324 427//324
f 433//325 434//325 435//325 436//325
f 437//326 440//326 439//326 438//326
f 433//327 437//327 438//327 434//327
f 436//328 435//328 439//328 440//328
f 433//329 436//329 440//329 437//329
f 434//330 438//330 439//330 435//330
f 441//331 442//331 443//331 444//331
f 445//332 448//332 447//332 446//332
f 441//333 445//333 446//333 442//333
f 444//334 443//334 447//334 448//334
f 441//335 444//335 448//335 445//335
f 442//336 446//336 447//336 443//336
usemtl MR_DimCyan
f 449//337 450//337 451//337 452//337
f 453//338 456//338 455//338 454//338
f 449//339 453//339 454//339 450//339
f 452//340 451//340 455//340 456//340
f 449//341 452//341 456//341 453//341
f 450//342 454//342 455//342 451//342
usemtl MR_WindowDark
f 457//343 458//343 459//343 460//343
f 461//344 464//344 463//344 462//344
f 457//345 461//345 462//345 458//345
f 460//346 459//346 463//346 464//346
f 457//347 460//347 464//347 461//347
f 458//348 462//348 463//348 459//348
f 465//349 466//349 467//349 468//349
f 469//350 472//350 471//350 470//350
f 465//351 469//351 470//351 466//351
f 468//352 467//352 471//352 472//352
f 465//353 468//353 472//353 469//353
f 466//354 470//354 471//354 467//354
f 473//355 474//355 475//355 476//355
f 477//356 480//356 479//356 478//356
f 473//357 477//357 478//357 474//357
f 476//358 475//358 479//358 480//358
f 473//359 476//359 480//359 477//359
f 474//360 478//360 479//360 475//360
f 481//361 482//361 483//361 484//361
f 485//362 488//362 487//362 486//362
f 481//363 485//363 486//363 482//363
f 484//364 483//364 487//364 488//364
f 481//365 484//365 488//365 485//365
f 482//366 486//366 487//366 483//366
f 489//367 490//367 491//367 492//367
f 493//368 496//368 495//368 494//368
f 489//369 493//369 494//369 490//369
f 492//370 491//370 495//370 496//370
f 489//371 492//371 496//371 493//371
f 490//372 494//372 495//372 491//372
f 497//373 498//373 499//373 500//373
f 501//374 504//374 503//374 502//374
f 497//375 501//375 502//375 498//375
f 500//376 499//376 503//376 504//376
f 497//377 500//377 504//377 501//377
f 498//378 502//378 503//378 499//378
f 505//379 506//379 507//379 508//379
f 509//380 512//380 511//380 510//380
f 505//381 509//381 510//381 506//381
f 508//382 507//382 511//382 512//382
f 505//383 508//383 512//383 509//383
f 506//384 510//384 511//384 507//384
f 513//385 514//385 515//385 516//385
f 517//386 520//386 519//386 518//386
f 513//387 517//387 518//387 514//387
f 516//388 515//388 519//388 520//388
f 513//389 516//389 520//389 517//389
f 514//390 518//390 519//390 515//390
usemtl MR_DimCyan
f 521//391 522//391 523//391 524//391
f 525//392 528//392 527//392 526//392
f 521//393 525//393 526//393 522//393
f 524//394 523//394 527//394 528//394
f 521//395 524//395 528//395 525//395
f 522//396 526//396 527//396 523//396
usemtl MR_WindowDark
f 529//397 530//397 531//397 532//397
f 533//398 536//398 535//398 534//398
f 529//399 533//399 534//399 530//399
f 532//400 531//400 535//400 536//400
f 529//401 532//401 536//401 533//401
f 530//402 534//402 535//402 531//402
f 537//403 538//403 539//403 540//403
f 541//404 544//404 543//404 542//404
f 537//405 541//405 542//405 538//405
f 540//406 539//406 543//406 544//406
f 537//407 540//407 544//407 541//407
f 538//408 542//408 543//408 539//408
f 545//409 546//409 547//409 548//409
f 549//410 552//410 551//410 550//410
f 545//411 549//411 550//411 546//411
f 548//412 547//412 551//412 552//412
f 545//413 548//413 552//413 549//413
f 546//414 550//414 551//414 547//414
f 553//415 554//415 555//415 556//415
f 557//416 560//416 559//416 558//416
f 553//417 557//417 558//417 554//417
f 556//418 555//418 559//418 560//418
f 553//419 556//419 560//419 557//419
f 554//420 558//420 559//420 555//420
f 561//421 562//421 563//421 564//421
f 565//422 568//422 567//422 566//422
f 561//423 565//423 566//423 562//423
f 564//424 563//424 567//424 568//424
f 561//425 564//425 568//425 565//425
f 562//426 566//426 567//426 563//426
f 569//427 570//427 571//427 572//427
f 573//428 576//428 575//428 574//428
f 569//429 573//429 574//429 570//429
f 572//430 571//430 575//430 576//430
f 569//431 572//431 576//431 573//431
f 570//432 574//432 575//432 571//432
f 577//433 578//433 579//433 580//433
f 581//434 584//434 583//434 582//434
f 577//435 581//435 582//435 578//435
f 580//436 579//436 583//436 584//436
f 577//437 580//437 584//437 581//437
f 578//438 582//438 583//438 579//438
f 585//439 586//439 587//439 588//439
f 589//440 592//440 591//440 590//440
f 585//441 589//441 590//441 586//441
f 588//442 587//442 591//442 592//442
f 585//443 588//443 592//443 589//443
f 586//444 590//444 591//444 587//444
usemtl MR_DimCyan
f 593//445 594//445 595//445 596//445
f 597//446 600//446 599//446 598//446
f 593//447 597//447 598//447 594//447
f 596//448 595//448 599//448 600//448
f 593//449 596//449 600//449 597//449
f 594//450 598//450 599//450 595//450
usemtl MR_WindowDark
f 601//451 602//451 603//451 604//451
f 605//452 608//452 607//452 606//452
f 601//453 605//453 606//453 602//453
f 604//454 603//454 607//454 608//454
f 601//455 604//455 608//455 605//455
f 602//456 606//456 607//456 603//456
f 609//457 610//457 611//457 612//457
f 613//458 616//458 615//458 614//458
f 609//459 613//459 614//459 610//459
f 612//460 611//460 615//460 616//460
f 609//461 612//461 616//461 613//461
f 610//462 614//462 615//462 611//462
f 617//463 618//463 619//463 620//463
f 621//464 624//464 623//464 622//464
f 617//465 621//465 622//465 618//465
f 620//466 619//466 623//466 624//466
f 617//467 620//467 624//467 621//467
f 618//468 622//468 623//468 619//468
f 625//469 626//469 627//469 628//469
f 629//470 632//470 631//470 630//470
f 625//471 629//471 630//471 626//471
f 628//472 627//472 631//472 632//472
f 625//473 628//473 632//473 629//473
f 626//474 630//474 631//474 627//474
g LeftWing
usemtl MR_DimCyan
f 633//475 634//475 635//475 636//475
f 637//476 640//476 639//476 638//476
f 633//477 637//477 638//477 634//477
f 636//478 635//478 639//478 640//478
f 633//479 636//479 640//479 637//479
f 634//480 638//480 639//480 635//480
usemtl MR_WindowDark
f 641//481 642//481 643//481 644//481
f 645//482 648//482 647//482 646//482
f 641//483 645//483 646//483 642//483
f 644//484 643//484 647//484 648//484
f 641//485 644//485 648//485 645//485
f 642//486 646//486 647//486 643//486
f 649//487 650//487 651//487 652//487
f 653//488 656//488 655//488 654//488
f 649//489 653//489 654//489 650//489
f 652//490 651//490 655//490 656//490
f 649//491 652//491 656//491 653//491
f 650//492 654//492 655//492 651//492
f 657//493 658//493 659//493 660//493
f 661//494 664//494 663//494 662//494
f 657//495 661//495 662//495 658//495
f 660//496 659//496 663//496 664//496
f 657//497 660//497 664//497 661//497
f 658//498 662//498 663//498 659//498
f 665//499 666//499 667//499 668//499
f 669//500 672//500 671//500 670//500
f 665//501 669//501 670//501 666//501
f 668//502 667//502 671//502 672//502
f 665//503 668//503 672//503 669//503
f 666//504 670//504 671//504 667//504
f 673//505 674//505 675//505 676//505
f 677//506 680//506 679//506 678//506
f 673//507 677//507 678//507 674//507
f 676//508 675//508 679//508 680//508
f 673//509 676//509 680//509 677//509
f 674//510 678//510 679//510 675//510
f 681//511 682//511 683//511 684//511
f 685//512 688//512 687//512 686//512
f 681//513 685//513 686//513 682//513
f 684//514 683//514 687//514 688//514
f 681//515 684//515 688//515 685//515
f 682//516 686//516 687//516 683//516
f 689//517 690//517 691//517 692//517
f 693//518 696//518 695//518 694//518
f 689//519 693//519 694//519 690//519
f 692//520 691//520 695//520 696//520
f 689//521 692//521 696//521 693//521
f 690//522 694//522 695//522 691//522
f 697//523 698//523 699//523 700//523
f 701//524 704//524 703//524 702//524
f 697//525 701//525 702//525 698//525
f 700//526 699//526 703//526 704//526
f 697//527 700//527 704//527 701//527
f 698//528 702//528 703//528 699//528
f 705//529 706//529 707//529 708//529
f 709//530 712//530 711//530 710//530
f 705//531 709//531 710//531 706//531
f 708//532 707//532 711//532 712//532
f 705//533 708//533 712//533 709//533
f 706//534 710//534 711//534 707//534
f 713//535 714//535 715//535 716//535
f 717//536 720//536 719//536 718//536
f 713//537 717//537 718//537 714//537
f 716//538 715//538 719//538 720//538
f 713//539 716//539 720//539 717//539
f 714//540 718//540 719//540 715//540
usemtl MR_DimCyan
f 721//541 722//541 723//541 724//541
f 725//542 728//542 727//542 726//542
f 721//543 725//543 726//543 722//543
f 724//544 723//544 727//544 728//544
f 721//545 724//545 728//545 725//545
f 722//546 726//546 727//546 723//546
usemtl MR_WindowDark
f 729//547 730//547 731//547 732//547
f 733//548 736//548 735//548 734//548
f 729//549 733//549 734//549 730//549
f 732//550 731//550 735//550 736//550
f 729//551 732//551 736//551 733//551
f 730//552 734//552 735//552 731//552
f 737//553 738//553 739//553 740//553
f 741//554 744//554 743//554 742//554
f 737//555 741//555 742//555 738//555
f 740//556 739//556 743//556 744//556
f 737//557 740//557 744//557 741//557
f 738//558 742//558 743//558 739//558
f 745//559 746//559 747//559 748//559
f 749//560 752//560 751//560 750//560
f 745//561 749//561 750//561 746//561
f 748//562 747//562 751//562 752//562
f 745//563 748//563 752//563 749//563
f 746//564 750//564 751//564 747//564
f 753//565 754//565 755//565 756//565
f 757//566 760//566 759//566 758//566
f 753//567 757//567 758//567 754//567
f 756//568 755//568 759//568 760//568
f 753//569 756//569 760//569 757//569
f 754//570 758//570 759//570 755//570
f 761//571 762//571 763//571 764//571
f 765//572 768//572 767//572 766//572
f 761//573 765//573 766//573 762//573
f 764//574 763//574 767//574 768//574
f 761//575 764//575 768//575 765//575
f 762//576 766//576 767//576 763//576
f 769//577 770//577 771//577 772//577
f 773//578 776//578 775//578 774//578
f 769//579 773//579 774//579 770//579
f 772//580 771//580 775//580 776//580
f 769//581 772//581 776//581 773//581
f 770//582 774//582 775//582 771//582
f 777//583 778//583 779//583 780//583
f 781//584 784//584 783//584 782//584
f 777//585 781//585 782//585 778//585
f 780//586 779//586 783//586 784//586
f 777//587 780//587 784//587 781//587
f 778//588 782//588 783//588 779//588
f 785//589 786//589 787//589 788//589
f 789//590 792//590 791//590 790//590
f 785//591 789//591 790//591 786//591
f 788//592 787//592 791//592 792//592
f 785//593 788//593 792//593 789//593
f 786//594 790//594 791//594 787//594
f 793//595 794//595 795//595 796//595
f 797//596 800//596 799//596 798//596
f 793//597 797//597 798//597 794//597
f 796//598 795//598 799//598 800//598
f 793//599 796//599 800//599 797//599
f 794//600 798//600 799//600 795//600
f 801//601 802//601 803//601 804//601
f 805//602 808//602 807//602 806//602
f 801//603 805//603 806//603 802//603
f 804//604 803//604 807//604 808//604
f 801//605 804//605 808//605 805//605
f 802//606 806//606 807//606 803//606
usemtl MR_DimCyan
f 809//607 810//607 811//607 812//607
f 813//608 816//608 815//608 814//608
f 809//609 813//609 814//609 810//609
f 812//610 811//610 815//610 816//610
f 809//611 812//611 816//611 813//611
f 810//612 814//612 815//612 811//612
usemtl MR_WindowDark
f 817//613 818//613 819//613 820//613
f 821//614 824//614 823//614 822//614
f 817//615 821//615 822//615 818//615
f 820//616 819//616 823//616 824//616
f 817//617 820//617 824//617 821//617
f 818//618 822//618 823//618 819//618
f 825//619 826//619 827//619 828//619
f 829//620 832//620 831//620 830//620
f 825//621 829//621 830//621 826//621
f 828//622 827//622 831//622 832//622
f 825//623 828//623 832//623 829//623
f 826//624 830//624 831//624 827//624
f 833//625 834//625 835//625 836//625
f 837//626 840//626 839//626 838//626
f 833//627 837//627 838//627 834//627
f 836//628 835//628 839//628 840//628
f 833//629 836//629 840//629 837//629
f 834//630 838//630 839//630 835//630
f 841//631 842//631 843//631 844//631
f 845//632 848//632 847//632 846//632
f 841//633 845//633 846//633 842//633
f 844//634 843//634 847//634 848//634
f 841//635 844//635 848//635 845//635
f 842//636 846//636 847//636 843//636
f 849//637 850//637 851//637 852//637
f 853//638 856//638 855//638 854//638
f 849//639 853//639 854//639 850//639
f 852//640 851//640 855//640 856//640
f 849//641 852//641 856//641 853//641
f 850//642 854//642 855//642 851//642
f 857//643 858//643 859//643 860//643
f 861//644 864//644 863//644 862//644
f 857//645 861//645 862//645 858//645
f 860//646 859//646 863//646 864//646
f 857//647 860//647 864//647 861//647
f 858//648 862//648 863//648 859//648
f 865//649 866//649 867//649 868//649
f 869//650 872//650 871//650 870//650
f 865//651 869//651 870//651 866//651
f 868//652 867//652 871//652 872//652
f 865//653 868//653 872//653 869//653
f 866//654 870//654 871//654 867//654
g RightWing
usemtl MR_DimCyan
f 873//655 874//655 875//655 876//655
f 877//656 880//656 879//656 878//656
f 873//657 877//657 878//657 874//657
f 876//658 875//658 879//658 880//658
f 873//659 876//659 880//659 877//659
f 874//660 878//660 879//660 875//660
usemtl MR_WindowDark
f 881//661 882//661 883//661 884//661
f 885//662 888//662 887//662 886//662
f 881//663 885//663 886//663 882//663
f 884//664 883//664 887//664 888//664
f 881//665 884//665 888//665 885//665
f 882//666 886//666 887//666 883//666
f 889//667 890//667 891//667 892//667
f 893//668 896//668 895//668 894//668
f 889//669 893//669 894//669 890//669
f 892//670 891//670 895//670 896//670
f 889//671 892//671 896//671 893//671
f 890//672 894//672 895//672 891//672
f 897//673 898//673 899//673 900//673
f 901//674 904//674 903//674 902//674
f 897//675 901//675 902//675 898//675
f 900//676 899//676 903//676 904//676
f 897//677 900//677 904//677 901//677
f 898//678 902//678 903//678 899//678
f 905//679 906//679 907//679 908//679
f 909//680 912//680 911//680 910//680
f 905//681 909//681 910//681 906//681
f 908//682 907//682 911//682 912//682
f 905//683 908//683 912//683 909//683
f 906//684 910//684 911//684 907//684
f 913//685 914//685 915//685 916//685
f 917//686 920//686 919//686 918//686
f 913//687 917//687 918//687 914//687
f 916//688 915//688 919//688 920//688
f 913//689 916//689 920//689 917//689
f 914//690 918//690 919//690 915//690
f 921//691 922//691 923//691 924//691
f 925//692 928//692 927//692 926//692
f 921//693 925//693 926//693 922//693
f 924//694 923//694 927//694 928//694
f 921//695 924//695 928//695 925//695
f 922//696 926//696 927//696 923//696
f 929//697 930//697 931//697 932//697
f 933//698 936//698 935//698 934//698
f 929//699 933//699 934//699 930//699
f 932//700 931//700 935//700 936//700
f 929//701 932//701 936//701 933//701
f 930//702 934//702 935//702 931//702
f 937//703 938//703 939//703 940//703
f 941//704 944//704 943//704 942//704
f 937//705 941//705 942//705 938//705
f 940//706 939//706 943//706 944//706
f 937//707 940//707 944//707 941//707
f 938//708 942//708 943//708 939//708
f 945//709 946//709 947//709 948//709
f 949//710 952//710 951//710 950//710
f 945//711 949//711 950//711 946//711
f 948//712 947//712 951//712 952//712
f 945//713 948//713 952//713 949//713
f 946//714 950//714 951//714 947//714
f 953//715 954//715 955//715 956//715
f 957//716 960//716 959//716 958//716
f 953//717 957//717 958//717 954//717
f 956//718 955//718 959//718 960//718
f 953//719 956//719 960//719 957//719
f 954//720 958//720 959//720 955//720
f 961//721 962//721 963//721 964//721
f 965//722 968//722 967//722 966//722
f 961//723 965//723 966//723 962//723
f 964//724 963//724 967//724 968//724
f 961//725 964//725 968//725 965//725
f 962//726 966//726 967//726 963//726
f 969//727 970//727 971//727 972//727
f 973//728 976//728 975//728 974//728
f 969//729 973//729 974//729 970//729
f 972//730 971//730 975//730 976//730
f 969//731 972//731 976//731 973//731
f 970//732 974//732 975//732 971//732
usemtl MR_DimCyan
f 977//733 978//733 979//733 980//733
f 981//734 984//734 983//734 982//734
f 977//735 981//735 982//735 978//735
f 980//736 979//736 983//736 984//736
f 977//737 980//737 984//737 981//737
f 978//738 982//738 983//738 979//738
usemtl MR_WindowDark
f 985//739 986//739 987//739 988//739
f 989//740 992//740 991//740 990//740
f 985//741 989//741 990//741 986//741
f 988//742 987//742 991//742 992//742
f 985//743 988//743 992//743 989//743
f 986//744 990//744 991//744 987//744
f 993//745 994//745 995//745 996//745
f 997//746 1000//746 999//746 998//746
f 993//747 997//747 998//747 994//747
f 996//748 995//748 999//748 1000//748
f 993//749 996//749 1000//749 997//749
f 994//750 998//750 999//750 995//750
f 1001//751 1002//751 1003//751 1004//751
f 1005//752 1008//752 1007//752 1006//752
f 1001//753 1005//753 1006//753 1002//753
f 1004//754 1003//754 1007//754 1008//754
f 1001//755 1004//755 1008//755 1005//755
f 1002//756 1006//756 1007//756 1003//756
f 1009//757 1010//757 1011//757 1012//757
f 1013//758 1016//758 1015//758 1014//758
f 1009//759 1013//759 1014//759 1010//759
f 1012//760 1011//760 1015//760 1016//760
f 1009//761 1012//761 1016//761 1013//761
f 1010//762 1014//762 1015//762 1011//762
f 1017//763 1018//763 1019//763 1020//763
f 1021//764 1024//764 1023//764 1022//764
f 1017//765 1021//765 1022//765 1018//765
f 1020//766 1019//766 1023//766 1024//766
f 1017//767 1020//767 1024//767 1021//767
f 1018//768 1022//768 1023//768 1019//768
f 1025//769 1026//769 1027//769 1028//769
f 1029//770 1032//770 1031//770 1030//770
f 1025//771 1029//771 1030//771 1026//771
f 1028//772 1027//772 1031//772 1032//772
f 1025//773 1028//773 1032//773 1029//773
f 1026//774 1030//774 1031//774 1027//774
f 1033//775 1034//775 1035//775 1036//775
f 1037//776 1040//776 1039//776 1038//776
f 1033//777 1037//777 1038//777 1034//777
f 1036//778 1035//778 1039//778 1040//778
f 1033//779 1036//779 1040//779 1037//779
f 1034//780 1038//780 1039//780 1035//780
f 1041//781 1042//781 1043//781 1044//781
f 1045//782 1048//782 1047//782 1046//782
f 1041//783 1045//783 1046//783 1042//783
f 1044//784 1043//784 1047//784 1048//784
f 1041//785 1044//785 1048//785 1045//785
f 1042//786 1046//786 1047//786 1043//786
f 1049//787 1050//787 1051//787 1052//787
f 1053//788 1056//788 1055//788 1054//788
f 1049//789 1053//789 1054//789 1050//789
f 1052//790 1051//790 1055//790 1056//790
f 1049//791 1052//791 1056//791 1053//791
f 1050//792 1054//792 1055//792 1051//792
f 1057//793 1058//793 1059//793 1060//793
f 1061//794 1064//794 1063//794 1062//794
f 1057//795 1061//795 1062//795 1058//795
f 1060//796 1059//796 1063//796 1064//796
f 1057//797 1060//797 1064//797 1061//797
f 1058//798 1062//798 1063//798 1059//798
f 1065//799 1066//799 1067//799 1068//799
f 1069//800 1072//800 1071//800 1070//800
f 1065//801 1069//801 1070//801 1066//801
f 1068//802 1067//802 1071//802 1072//802
f 1065//803 1068//803 1072//803 1069//803
f 1066//804 1070//804 1071//804 1067//804
f 1073//805 1074//805 1075//805 1076//805
f 1077//806 1080//806 1079//806 1078//806
f 1073//807 1077//807 1078//807 1074//807
f 1076//808 1075//808 1079//808 1080//808
f 1073//809 1076//809 1080//809 1077//809
f 1074//810 1078//810 1079//810 1075//810
usemtl MR_DimCyan
f 1081//811 1082//811 1083//811 1084//811
f 1085//812 1088//812 1087//812 1086//812
f 1081//813 1085//813 1086//813 1082//813
f 1084//814 1083//814 1087//814 1088//814
f 1081//815 1084//815 1088//815 1085//815
f 1082//816 1086//816 1087//816 1083//816
usemtl MR_WindowDark
f 1089//817 1090//817 1091//817 1092//817
f 1093//818 1096//818 1095//818 1094//818
f 1089//819 1093//819 1094//819 1090//819
f 1092//820 1091//820 1095//820 1096//820
f 1089//821 1092//821 1096//821 1093//821
f 1090//822 1094//822 1095//822 1091//822
f 1097//823 1098//823 1099//823 1100//823
f 1101//824 1104//824 1103//824 1102//824
f 1097//825 1101//825 1102//825 1098//825
f 1100//826 1099//826 1103//826 1104//826
f 1097//827 1100//827 1104//827 1101//827
f 1098//828 1102//828 1103//828 1099//828
f 1105//829 1106//829 1107//829 1108//829
f 1109//830 1112//830 1111//830 1110//830
f 1105//831 1109//831 1110//831 1106//831
f 1108//832 1107//832 1111//832 1112//832
f 1105//833 1108//833 1112//833 1109//833
f 1106//834 1110//834 1111//834 1107//834
g CyanLights
usemtl MR_CyanEmission
f 1113//835 1114//835 1115//835 1116//835
f 1117//836 1120//836 1119//836 1118//836
f 1113//837 1117//837 1118//837 1114//837
f 1116//838 1115//838 1119//838 1120//838
f 1113//839 1116//839 1120//839 1117//839
f 1114//840 1118//840 1119//840 1115//840
usemtl MR_DimCyan
f 1121//841 1122//841 1123//841 1124//841
f 1125//842 1128//842 1127//842 1126//842
f 1121//843 1125//843 1126//843 1122//843
f 1124//844 1123//844 1127//844 1128//844
f 1121//845 1124//845 1128//845 1125//845
f 1122//846 1126//846 1127//846 1123//846
f 1129//847 1130//847 1131//847 1132//847
f 1133//848 1136//848 1135//848 1134//848
f 1129//849 1133//849 1134//849 1130//849
f 1132//850 1131//850 1135//850 1136//850
f 1129//851 1132//851 1136//851 1133//851
f 1130//852 1134//852 1135//852 1131//852
g ExteriorPanels
usemtl MR_DarkMetal
f 1137//853 1138//853 1139//853 1140//853
f 1141//854 1144//854 1143//854 1142//854
f 1137//855 1141//855 1142//855 1138//855
f 1140//856 1139//856 1143//856 1144//856
f 1137//857 1140//857 1144//857 1141//857
f 1138//858 1142//858 1143//858 1139//858
f 1145//859 1146//859 1147//859 1148//859
f 1149//860 1152//860 1151//860 1150//860
f 1145//861 1149//861 1150//861 1146//861
f 1148//862 1147//862 1151//862 1152//862
f 1145//863 1148//863 1152//863 1149//863
f 1146//864 1150//864 1151//864 1147//864
f 1153//865 1154//865 1155//865 1156//865
f 1157//866 1160//866 1159//866 1158//866
f 1153//867 1157//867 1158//867 1154//867
f 1156//868 1155//868 1159//868 1160//868
f 1153//869 1156//869 1160//869 1157//869
f 1154//870 1158//870 1159//870 1155//870
f 1161//871 1162//871 1163//871 1164//871
f 1165//872 1168//872 1167//872 1166//872
f 1161//873 1165//873 1166//873 1162//873
f 1164//874 1163//874 1167//874 1168//874
f 1161//875 1164//875 1168//875 1165//875
f 1162//876 1166//876 1167//876 1163//876
g ArchiveSymbol
usemtl MR_CyanEmission
f 1169//877 1177//877 1178//877 1170//877
f 1170//878 1178//878 1179//878 1171//878
f 1171//879 1179//879 1180//879 1172//879
f 1172//880 1180//880 1181//880 1173//880
f 1173//881 1181//881 1182//881 1174//881
f 1174//882 1182//882 1183//882 1175//882
f 1175//883 1183//883 1184//883 1176//883
f 1176//884 1184//884 1177//884 1169//884
f 1177//885 1185//885 1186//885 1178//885
f 1178//886 1186//886 1187//886 1179//886
f 1179//887 1187//887 1188//887 1180//887
f 1180//888 1188//888 1189//888 1181//888
f 1181//889 1189//889 1190//889 1182//889
f 1182//890 1190//890 1191//890 1183//890
f 1183//891 1191//891 1192//891 1184//891
f 1184//892 1192//892 1185//892 1177//892
f 1185//893 1193//893 1194//893 1186//893
f 1186//894 1194//894 1195//894 1187//894
f 1187//895 1195//895 1196//895 1188//895
f 1188//896 1196//896 1197//896 1189//896
f 1189//897 1197//897 1198//897 1190//897
f 1190//898 1198//898 1199//898 1191//898
f 1191//899 1199//899 1200//899 1192//899
f 1192//900 1200//900 1193//900 1185//900
f 1193//901 1201//901 1202//901 1194//901
f 1194//902 1202//902 1203//902 1195//902
f 1195//903 1203//903 1204//903 1196//903
f 1196//904 1204//904 1205//904 1197//904
f 1197//905 1205//905 1206//905 1198//905
f 1198//906 1206//906 1207//906 1199//906
f 1199//907 1207//907 1208//907 1200//907
f 1200//908 1208//908 1201//908 1193//908
f 1201//909 1209//909 1210//909 1202//909
f 1202//910 1210//910 1211//910 1203//910
f 1203//911 1211//911 1212//911 1204//911
f 1204//912 1212//912 1213//912 1205//912
f 1205//913 1213//913 1214//913 1206//913
f 1206//914 1214//914 1215//914 1207//914
f 1207//915 1215//915 1216//915 1208//915
f 1208//916 1216//916 1209//916 1201//916
f 1209//917 1217//917 1218//917 1210//917
f 1210//918 1218//918 1219//918 1211//918
f 1211//919 1219//919 1220//919 1212//919
f 1212//920 1220//920 1221//920 1213//920
f 1213//921 1221//921 1222//921 1214//921
f 1214//922 1222//922 1223//922 1215//922
f 1215//923 1223//923 1224//923 1216//923
f 1216//924 1224//924 1217//924 1209//924
f 1217//925 1225//925 1226//925 1218//925
f 1218//926 1226//926 1227//926 1219//926
f 1219//927 1227//927 1228//927 1220//927
f 1220//928 1228//928 1229//928 1221//928
f 1221//929 1229//929 1230//929 1222//929
f 1222//930 1230//930 1231//930 1223//930
f 1223//931 1231//931 1232//931 1224//931
f 1224//932 1232//932 1225//932 1217//932
f 1225//933 1233//933 1234//933 1226//933
f 1226//934 1234//934 1235//934 1227//934
f 1227//935 1235//935 1236//935 1228//935
f 1228//936 1236//936 1237//936 1229//936
f 1229//937 1237//937 1238//937 1230//937
f 1230//938 1238//938 1239//938 1231//938
f 1231//939 1239//939 1240//939 1232//939
f 1232//940 1240//940 1233//940 1225//940
f 1233//941 1241//941 1242//941 1234//941
f 1234//942 1242//942 1243//942 1235//942
f 1235//943 1243//943 1244//943 1236//943
f 1236//944 1244//944 1245//944 1237//944
f 1237//945 1245//945 1246//945 1238//945
f 1238//946 1246//946 1247//946 1239//946
f 1239//947 1247//947 1248//947 1240//947
f 1240//948 1248//948 1241//948 1233//948
f 1241//949 1249//949 1250//949 1242//949
f 1242//950 1250//950 1251//950 1243//950
f 1243//951 1251//951 1252//951 1244//951
f 1244//952 1252//952 1253//952 1245//952
f 1245//953 1253//953 1254//953 1246//953
f 1246//954 1254//954 1255//954 1247//954
f 1247//955 1255//955 1256//955 1248//955
f 1248//956 1256//956 1249//956 1241//956
f 1249//957 1257//957 1258//957 1250//957
f 1250//958 1258//958 1259//958 1251//958
f 1251//959 1259//959 1260//959 1252//959
f 1252//960 1260//960 1261//960 1253//960
f 1253//961 1261//961 1262//961 1254//961
f 1254//962 1262//962 1263//962 1255//962
f 1255//963 1263//963 1264//963 1256//963
f 1256//964 1264//964 1257//964 1249//964
f 1257//965 1265//965 1266//965 1258//965
f 1258//966 1266//966 1267//966 1259//966
f 1259//967 1267//967 1268//967 1260//967
f 1260//968 1268//968 1269//968 1261//968
f 1261//969 1269//969 1270//969 1262//969
f 1262//970 1270//970 1271//970 1263//970
f 1263//971 1271//971 1272//971 1264//971
f 1264//972 1272//972 1265//972 1257//972
f 1265//973 1273//973 1274//973 1266//973
f 1266//974 1274//974 1275//974 1267//974
f 1267//975 1275//975 1276//975 1268//975
f 1268//976 1276//976 1277//976 1269//976
f 1269//977 1277//977 1278//977 1270//977
f 1270//978 1278//978 1279//978 1271//978
f 1271//979 1279//979 1280//979 1272//979
f 1272//980 1280//980 1273//980 1265//980
f 1273//981 1281//981 1282//981 1274//981
f 1274//982 1282//982 1283//982 1275//982
f 1275//983 1283//983 1284//983 1276//983
f 1276//984 1284//984 1285//984 1277//984
f 1277//985 1285//985 1286//985 1278//985
f 1278//986 1286//986 1287//986 1279//986
f 1279//987 1287//987 1288//987 1280//987
f 1280//988 1288//988 1281//988 1273//988
f 1281//989 1289//989 1290//989 1282//989
f 1282//990 1290//990 1291//990 1283//990
f 1283//991 1291//991 1292//991 1284//991
f 1284//992 1292//992 1293//992 1285//992
f 1285//993 1293//993 1294//993 1286//993
f 1286//994 1294//994 1295//994 1287//994
f 1287//995 1295//995 1296//995 1288//995
f 1288//996 1296//996 1289//996 1281//996
f 1289//997 1297//997 1298//997 1290//997
f 1290//998 1298//998 1299//998 1291//998
f 1291//999 1299//999 1300//999 1292//999
f 1292//1000 1300//1000 1301//1000 1293//1000
f 1293//1001 1301//1001 1302//1001 1294//1001
f 1294//1002 1302//1002 1303//1002 1295//1002
f 1295//1003 1303//1003 1304//1003 1296//1003
f 1296//1004 1304//1004 1297//1004 1289//1004
f 1297//1005 1305//1005 1306//1005 1298//1005
f 1298//1006 1306//1006 1307//1006 1299//1006
f 1299//1007 1307//1007 1308//1007 1300//1007
f 1300//1008 1308//1008 1309//1008 1301//1008
f 1301//1009 1309//1009 1310//1009 1302//1009
f 1302//1010 1310//1010 1311//1010 1303//1010
f 1303//1011 1311//1011 1312//1011 1304//1011
f 1304//1012 1312//1012 1305//1012 1297//1012
f 1305//1013 1313//1013 1314//1013 1306//1013
f 1306//1014 1314//1014 1315//1014 1307//1014
f 1307//1015 1315//1015 1316//1015 1308//1015
f 1308//1016 1316//1016 1317//1016 1309//1016
f 1309//1017 1317//1017 1318//1017 1310//1017
f 1310//1018 1318//1018 1319//1018 1311//1018
f 1311//1019 1319//1019 1320//1019 1312//1019
f 1312//1020 1320//1020 1313//1020 1305//1020
f 1313//1021 1321//1021 1322//1021 1314//1021
f 1314//1022 1322//1022 1323//1022 1315//1022
f 1315//1023 1323//1023 1324//1023 1316//1023
f 1316//1024 1324//1024 1325//1024 1317//1024
f 1317//1025 1325//1025 1326//1025 1318//1025
f 1318//1026 1326//1026 1327//1026 1319//1026
f 1319//1027 1327//1027 1328//1027 1320//1027
f 1320//1028 1328//1028 1321//1028 1313//1028
f 1321//1029 1329//1029 1330//1029 1322//1029
f 1322//1030 1330//1030 1331//1030 1323//1030
f 1323//1031 1331//1031 1332//1031 1324//1031
f 1324//1032 1332//1032 1333//1032 1325//1032
f 1325//1033 1333//1033 1334//1033 1326//1033
f 1326//1034 1334//1034 1335//1034 1327//1034
f 1327//1035 1335//1035 1336//1035 1328//1035
f 1328//1036 1336//1036 1329//1036 1321//1036
f 1329//1037 1337//1037 1338//1037 1330//1037
f 1330//1038 1338//1038 1339//1038 1331//1038
f 1331//1039 1339//1039 1340//1039 1332//1039
f 1332//1040 1340//1040 1341//1040 1333//1040
f 1333//1041 1341//1041 1342//1041 1334//1041
f 1334//1042 1342//1042 1343//1042 1335//1042
f 1335//1043 1343//1043 1344//1043 1336//1043
f 1336//1044 1344//1044 1337//1044 1329//1044
f 1337//1045 1345//1045 1346//1045 1338//1045
f 1338//1046 1346//1046 1347//1046 1339//1046
f 1339//1047 1347//1047 1348//1047 1340//1047
f 1340//1048 1348//1048 1349//1048 1341//1048
f 1341//1049 1349//1049 1350//1049 1342//1049
f 1342//1050 1350//1050 1351//1050 1343//1050
f 1343//1051 1351//1051 1352//1051 1344//1051
f 1344//1052 1352//1052 1345//1052 1337//1052
f 1345//1053 1353//1053 1354//1053 1346//1053
f 1346//1054 1354//1054 1355//1054 1347//1054
f 1347//1055 1355//1055 1356//1055 1348//1055
f 1348//1056 1356//1056 1357//1056 1349//1056
f 1349//1057 1357//1057 1358//1057 1350//1057
f 1350//1058 1358//1058 1359//1058 1351//1058
f 1351//1059 1359//1059 1360//1059 1352//1059
f 1352//1060 1360//1060 1353//1060 1345//1060
f 1353//1061 1361//1061 1362//1061 1354//1061
f 1354//1062 1362//1062 1363//1062 1355//1062
f 1355//1063 1363//1063 1364//1063 1356//1063
f 1356//1064 1364//1064 1365//1064 1357//1064
f 1357//1065 1365//1065 1366//1065 1358//1065
f 1358//1066 1366//1066 1367//1066 1359//1066
f 1359//1067 1367//1067 1368//1067 1360//1067
f 1360//1068 1368//1068 1361//1068 1353//1068
f 1361//1069 1369//1069 1370//1069 1362//1069
f 1362//1070 1370//1070 1371//1070 1363//1070
f 1363//1071 1371//1071 1372//1071 1364//1071
f 1364//1072 1372//1072 1373//1072 1365//1072
f 1365//1073 1373//1073 1374//1073 1366//1073
f 1366//1074 1374//1074 1375//1074 1367//1074
f 1367//1075 1375//1075 1376//1075 1368//1075
f 1368//1076 1376//1076 1369//1076 1361//1076
f 1369//1077 1377//1077 1378//1077 1370//1077
f 1370//1078 1378//1078 1379//1078 1371//1078
f 1371//1079 1379//1079 1380//1079 1372//1079
f 1372//1080 1380//1080 1381//1080 1373//1080
f 1373//1081 1381//1081 1382//1081 1374//1081
f 1374//1082 1382//1082 1383//1082 1375//1082
f 1375//1083 1383//1083 1384//1083 1376//1083
f 1376//1084 1384//1084 1377//1084 1369//1084
f 1377//1085 1385//1085 1386//1085 1378//1085
f 1378//1086 1386//1086 1387//1086 1379//1086
f 1379//1087 1387//1087 1388//1087 1380//1087
f 1380//1088 1388//1088 1389//1088 1381//1088
f 1381//1089 1389//1089 1390//1089 1382//1089
f 1382//1090 1390//1090 1391//1090 1383//1090
f 1383//1091 1391//1091 1392//1091 1384//1091
f 1384//1092 1392//1092 1385//1092 1377//1092
f 1385//1093 1393//1093 1394//1093 1386//1093
f 1386//1094 1394//1094 1395//1094 1387//1094
f 1387//1095 1395//1095 1396//1095 1388//1095
f 1388//1096 1396//1096 1397//1096 1389//1096
f 1389//1097 1397//1097 1398//1097 1390//1097
f 1390//1098 1398//1098 1399//1098 1391//1098
f 1391//1099 1399//1099 1400//1099 1392//1099
f 1392//1100 1400//1100 1393//1100 1385//1100
f 1393//1101 1401//1101 1402//1101 1394//1101
f 1394//1102 1402//1102 1403//1102 1395//1102
f 1395//1103 1403//1103 1404//1103 1396//1103
f 1396//1104 1404//1104 1405//1104 1397//1104
f 1397//1105 1405//1105 1406//1105 1398//1105
f 1398//1106 1406//1106 1407//1106 1399//1106
f 1399//1107 1407//1107 1408//1107 1400//1107
f 1400//1108 1408//1108 1401//1108 1393//1108
f 1401//1109 1409//1109 1410//1109 1402//1109
f 1402//1110 1410//1110 1411//1110 1403//1110
f 1403//1111 1411//1111 1412//1111 1404//1111
f 1404//1112 1412//1112 1413//1112 1405//1112
f 1405//1113 1413//1113 1414//1113 1406//1113
f 1406//1114 1414//1114 1415//1114 1407//1114
f 1407//1115 1415//1115 1416//1115 1408//1115
f 1408//1116 1416//1116 1409//1116 1401//1116
f 1409//1117 1417//1117 1418//1117 1410//1117
f 1410//1118 1418//1118 1419//1118 1411//1118
f 1411//1119 1419//1119 1420//1119 1412//1119
f 1412//1120 1420//1120 1421//1120 1413//1120
f 1413//1121 1421//1121 1422//1121 1414//1121
f 1414//1122 1422//1122 1423//1122 1415//1122
f 1415//1123 1423//1123 1424//1123 1416//1123
f 1416//1124 1424//1124 1417//1124 1409//1124
f 1417//1125 1425//1125 1426//1125 1418//1125
f 1418//1126 1426//1126 1427//1126 1419//1126
f 1419//1127 1427//1127 1428//1127 1420//1127
f 1420//1128 1428//1128 1429//1128 1421//1128
f 1421//1129 1429//1129 1430//1129 1422//1129
f 1422//1130 1430//1130 1431//1130 1423//1130
f 1423//1131 1431//1131 1432//1131 1424//1131
f 1424//1132 1432//1132 1425//1132 1417//1132
f 1425//1133 1433//1133 1434//1133 1426//1133
f 1426//1134 1434//1134 1435//1134 1427//1134
f 1427//1135 1435//1135 1436//1135 1428//1135
f 1428//1136 1436//1136 1437//1136 1429//1136
f 1429//1137 1437//1137 1438//1137 1430//1137
f 1430//1138 1438//1138 1439//1138 1431//1138
f 1431//1139 1439//1139 1440//1139 1432//1139
f 1432//1140 1440//1140 1433//1140 1425//1140
f 1433//1141 1441//1141 1442//1141 1434//1141
f 1434//1142 1442//1142 1443//1142 1435//1142
f 1435//1143 1443//1143 1444//1143 1436//1143
f 1436//1144 1444//1144 1445//1144 1437//1144
f 1437//1145 1445//1145 1446//1145 1438//1145
f 1438//1146 1446//1146 1447//1146 1439//1146
f 1439//1147 1447//1147 1448//1147 1440//1147
f 1440//1148 1448//1148 1441//1148 1433//1148
f 1441//1149 1449//1149 1450//1149 1442//1149
f 1442//1150 1450//1150 1451//1150 1443//1150
f 1443//1151 1451//1151 1452//1151 1444//1151
f 1444//1152 1452//1152 1453//1152 1445//1152
f 1445//1153 1453//1153 1454//1153 1446//1153
f 1446//1154 1454//1154 1455//1154 1447//1154
f 1447//1155 1455//1155 1456//1155 1448//1155
f 1448//1156 1456//1156 1449//1156 1441//1156
f 1449//1157 1457//1157 1458//1157 1450//1157
f 1450//1158 1458//1158 1459//1158 1451//1158
f 1451//1159 1459//1159 1460//1159 1452//1159
f 1452//1160 1460//1160 1461//1160 1453//1160
f 1453//1161 1461//1161 1462//1161 1454//1161
f 1454//1162 1462//1162 1463//1162 1455//1162
f 1455//1163 1463//1163 1464//1163 1456//1163
f 1456//1164 1464//1164 1457//1164 1449//1164
f 1457//1165 1465//1165 1466//1165 1458//1165
f 1458//1166 1466//1166 1467//1166 1459//1166
f 1459//1167 1467//1167 1468//1167 1460//1167
f 1460//1168 1468//1168 1469//1168 1461//1168
f 1461//1169 1469//1169 1470//1169 1462//1169
f 1462//1170 1470//1170 1471//1170 1463//1170
f 1463//1171 1471//1171 1472//1171 1464//1171
f 1464//1172 1472//1172 1465//1172 1457//1172
f 1465//1173 1473//1173 1474//1173 1466//1173
f 1466//1174 1474//1174 1475//1174 1467//1174
f 1467//1175 1475//1175 1476//1175 1468//1175
f 1468//1176 1476//1176 1477//1176 1469//1176
f 1469//1177 1477//1177 1478//1177 1470//1177
f 1470//1178 1478//1178 1479//1178 1471//1178
f 1471//1179 1479//1179 1480//1179 1472//1179
f 1472//1180 1480//1180 1473//1180 1465//1180
f 1473//1181 1481//1181 1482//1181 1474//1181
f 1474//1182 1482//1182 1483//1182 1475//1182
f 1475//1183 1483//1183 1484//1183 1476//1183
f 1476//1184 1484//1184 1485//1184 1477//1184
f 1477//1185 1485//1185 1486//1185 1478//1185
f 1478//1186 1486//1186 1487//1186 1479//1186
f 1479//1187 1487//1187 1488//1187 1480//1187
f 1480//1188 1488//1188 1481//1188 1473//1188
f 1481//1189 1169//1189 1170//1189 1482//1189
f 1482//1190 1170//1190 1171//1190 1483//1190
f 1483//1191 1171//1191 1172//1191 1484//1191
f 1484//1192 1172//1192 1173//1192 1485//1192
f 1485//1193 1173//1193 1174//1193 1486//1193
f 1486//1194 1174//1194 1175//1194 1487//1194
f 1487//1195 1175//1195 1176//1195 1488//1195
f 1488//1196 1176//1196 1169//1196 1481//1196
usemtl MR_DimCyan
f 1489//1197 1495//1197 1496//1197 1490//1197
f 1490//1198 1496//1198 1497//1198 1491//1198
f 1491//1199 1497//1199 1498//1199 1492//1199
f 1492//1200 1498//1200 1499//1200 1493//1200
f 1493//1201 1499//1201 1500//1201 1494//1201
f 1494//1202 1500//1202 1495//1202 1489//1202
f 1495//1203 1501//1203 1502//1203 1496//1203
f 1496//1204 1502//1204 1503//1204 1497//1204
f 1497//1205 1503//1205 1504//1205 1498//1205
f 1498//1206 1504//1206 1505//1206 1499//1206
f 1499//1207 1505//1207 1506//1207 1500//1207
f 1500//1208 1506//1208 1501//1208 1495//1208
f 1501//1209 1507//1209 1508//1209 1502//1209
f 1502//1210 1508//1210 1509//1210 1503//1210
f 1503//1211 1509//1211 1510//1211 1504//1211
f 1504//1212 1510//1212 1511//1212 1505//1212
f 1505//1213 1511//1213 1512//1213 1506//1213
f 1506//1214 1512//1214 1507//1214 1501//1214
f 1507//1215 1513//1215 1514//1215 1508//1215
f 1508//1216 1514//1216 1515//1216 1509//1216
f 1509//1217 1515//1217 1516//1217 1510//1217
f 1510//1218 1516//1218 1517//1218 1511//1218
f 1511//1219 1517//1219 1518//1219 1512//1219
f 1512//1220 1518//1220 1513//1220 1507//1220
f 1513//1221 1519//1221 1520//1221 1514//1221
f 1514//1222 1520//1222 1521//1222 1515//1222
f 1515//1223 1521//1223 1522//1223 1516//1223
f 1516//1224 1522//1224 1523//1224 1517//1224
f 1517//1225 1523//1225 1524//1225 1518//1225
f 1518//1226 1524//1226 1519//1226 1513//1226
f 1519//1227 1525//1227 1526//1227 1520//1227
f 1520//1228 1526//1228 1527//1228 1521//1228
f 1521//1229 1527//1229 1528//1229 1522//1229
f 1522//1230 1528//1230 1529//1230 1523//1230
f 1523//1231 1529//1231 1530//1231 1524//1231
f 1524//1232 1530//1232 1525//1232 1519//1232
f 1525//1233 1531//1233 1532//1233 1526//1233
f 1526//1234 1532//1234 1533//1234 1527//1234
f 1527//1235 1533//1235 1534//1235 1528//1235
f 1528//1236 1534//1236 1535//1236 1529//1236
f 1529//1237 1535//1237 1536//1237 1530//1237
f 1530//1238 1536//1238 1531//1238 1525//1238
f 1531//1239 1537//1239 1538//1239 1532//1239
f 1532//1240 1538//1240 1539//1240 1533//1240
f 1533//1241 1539//1241 1540//1241 1534//1241
f 1534//1242 1540//1242 1541//1242 1535//1242
f 1535//1243 1541//1243 1542//1243 1536//1243
f 1536//1244 1542//1244 1537//1244 1531//1244
f 1537//1245 1543//1245 1544//1245 1538//1245
f 1538//1246 1544//1246 1545//1246 1539//1246
f 1539//1247 1545//1247 1546//1247 1540//1247
f 1540//1248 1546//1248 1547//1248 1541//1248
f 1541//1249 1547//1249 1548//1249 1542//1249
f 1542//1250 1548//1250 1543//1250 1537//1250
f 1543//1251 1549//1251 1550//1251 1544//1251
f 1544//1252 1550//1252 1551//1252 1545//1252
f 1545//1253 1551//1253 1552//1253 1546//1253
f 1546//1254 1552//1254 1553//1254 1547//1254
f 1547//1255 1553//1255 1554//1255 1548//1255
f 1548//1256 1554//1256 1549//1256 1543//1256
f 1549//1257 1555//1257 1556//1257 1550//1257
f 1550//1258 1556//1258 1557//1258 1551//1258
f 1551//1259 1557//1259 1558//1259 1552//1259
f 1552//1260 1558//1260 1559//1260 1553//1260
f 1553//1261 1559//1261 1560//1261 1554//1261
f 1554//1262 1560//1262 1555//1262 1549//1262
f 1555//1263 1561//1263 1562//1263 1556//1263
f 1556//1264 1562//1264 1563//1264 1557//1264
f 1557//1265 1563//1265 1564//1265 1558//1265
f 1558//1266 1564//1266 1565//1266 1559//1266
f 1559//1267 1565//1267 1566//1267 1560//1267
f 1560//1268 1566//1268 1561//1268 1555//1268
f 1561//1269 1567//1269 1568//1269 1562//1269
f 1562//1270 1568//1270 1569//1270 1563//1270
f 1563//1271 1569//1271 1570//1271 1564//1271
f 1564//1272 1570//1272 1571//1272 1565//1272
f 1565//1273 1571//1273 1572//1273 1566//1273
f 1566//1274 1572//1274 1567//1274 1561//1274
f 1567//1275 1573//1275 1574//1275 1568//1275
f 1568//1276 1574//1276 1575//1276 1569//1276
f 1569//1277 1575//1277 1576//1277 1570//1277
f 1570//1278 1576//1278 1577//1278 1571//1278
f 1571//1279 1577//1279 1578//1279 1572//1279
f 1572//1280 1578//1280 1573//1280 1567//1280
f 1573//1281 1579//1281 1580//1281 1574//1281
f 1574//1282 1580//1282 1581//1282 1575//1282
f 1575//1283 1581//1283 1582//1283 1576//1283
f 1576//1284 1582//1284 1583//1284 1577//1284
f 1577//1285 1583//1285 1584//1285 1578//1285
f 1578//1286 1584//1286 1579//1286 1573//1286
f 1579//1287 1585//1287 1586//1287 1580//1287
f 1580//1288 1586//1288 1587//1288 1581//1288
f 1581//1289 1587//1289 1588//1289 1582//1289
f 1582//1290 1588//1290 1589//1290 1583//1290
f 1583//1291 1589//1291 1590//1291 1584//1291
f 1584//1292 1590//1292 1585//1292 1579//1292
f 1585//1293 1591//1293 1592//1293 1586//1293
f 1586//1294 1592//1294 1593//1294 1587//1294
f 1587//1295 1593//1295 1594//1295 1588//1295
f 1588//1296 1594//1296 1595//1296 1589//1296
f 1589//1297 1595//1297 1596//1297 1590//1297
f 1590//1298 1596//1298 1591//1298 1585//1298
f 1591//1299 1597//1299 1598//1299 1592//1299
f 1592//1300 1598//1300 1599//1300 1593//1300
f 1593//1301 1599//1301 1600//1301 1594//1301
f 1594//1302 1600//1302 1601//1302 1595//1302
f 1595//1303 1601//1303 1602//1303 1596//1303
f 1596//1304 1602//1304 1597//1304 1591//1304
f 1597//1305 1603//1305 1604//1305 1598//1305
f 1598//1306 1604//1306 1605//1306 1599//1306
f 1599//1307 1605//1307 1606//1307 1600//1307
f 1600//1308 1606//1308 1607//1308 1601//1308
f 1601//1309 1607//1309 1608//1309 1602//1309
f 1602//1310 1608//1310 1603//1310 1597//1310
f 1603//1311 1609//1311 1610//1311 1604//1311
f 1604//1312 1610//1312 1611//1312 1605//1312
f 1605//1313 1611//1313 1612//1313 1606//1313
f 1606//1314 1612//1314 1613//1314 1607//1314
f 1607//1315 1613//1315 1614//1315 1608//1315
f 1608//1316 1614//1316 1609//1316 1603//1316
f 1609//1317 1615//1317 1616//1317 1610//1317
f 1610//1318 1616//1318 1617//1318 1611//1318
f 1611//1319 1617//1319 1618//1319 1612//1319
f 1612//1320 1618//1320 1619//1320 1613//1320
f 1613//1321 1619//1321 1620//1321 1614//1321
f 1614//1322 1620//1322 1615//1322 1609//1322
f 1615//1323 1621//1323 1622//1323 1616//1323
f 1616//1324 1622//1324 1623//1324 1617//1324
f 1617//1325 1623//1325 1624//1325 1618//1325
f 1618//1326 1624//1326 1625//1326 1619//1326
f 1619//1327 1625//1327 1626//1327 1620//1327
f 1620//1328 1626//1328 1621//1328 1615//1328
f 1621//1329 1627//1329 1628//1329 1622//1329
f 1622//1330 1628//1330 1629//1330 1623//1330
f 1623//1331 1629//1331 1630//1331 1624//1331
f 1624//1332 1630//1332 1631//1332 1625//1332
f 1625//1333 1631//1333 1632//1333 1626//1333
f 1626//1334 1632//1334 1627//1334 1621//1334
f 1627//1335 1633//1335 1634//1335 1628//1335
f 1628//1336 1634//1336 1635//1336 1629//1336
f 1629//1337 1635//1337 1636//1337 1630//1337
f 1630//1338 1636//1338 1637//1338 1631//1338
f 1631//1339 1637//1339 1638//1339 1632//1339
f 1632//1340 1638//1340 1633//1340 1627//1340
f 1633//1341 1639//1341 1640//1341 1634//1341
f 1634//1342 1640//1342 1641//1342 1635//1342
f 1635//1343 1641//1343 1642//1343 1636//1343
f 1636//1344 1642//1344 1643//1344 1637//1344
f 1637//1345 1643//1345 1644//1345 1638//1345
f 1638//1346 1644//1346 1639//1346 1633//1346
f 1639//1347 1645//1347 1646//1347 1640//1347
f 1640//1348 1646//1348 1647//1348 1641//1348
f 1641//1349 1647//1349 1648//1349 1642//1349
f 1642//1350 1648//1350 1649//1350 1643//1350
f 1643//1351 1649//1351 1650//1351 1644//1351
f 1644//1352 1650//1352 1645//1352 1639//1352
f 1645//1353 1651//1353 1652//1353 1646//1353
f 1646//1354 1652//1354 1653//1354 1647//1354
f 1647//1355 1653//1355 1654//1355 1648//1355
f 1648//1356 1654//1356 1655//1356 1649//1356
f 1649//1357 1655//1357 1656//1357 1650//1357
f 1650//1358 1656//1358 1651//1358 1645//1358
f 1651//1359 1657//1359 1658//1359 1652//1359
f 1652//1360 1658//1360 1659//1360 1653//1360
f 1653//1361 1659//1361 1660//1361 1654//1361
f 1654//1362 1660//1362 1661//1362 1655//1362
f 1655//1363 1661//1363 1662//1363 1656//1363
f 1656//1364 1662//1364 1657//1364 1651//1364
f 1657//1365 1663//1365 1664//1365 1658//1365
f 1658//1366 1664//1366 1665//1366 1659//1366
f 1659//1367 1665//1367 1666//1367 1660//1367
f 1660//1368 1666//1368 1667//1368 1661//1368
f 1661//1369 1667//1369 1668//1369 1662//1369
f 1662//1370 1668//1370 1663//1370 1657//1370
f 1663//1371 1669//1371 1670//1371 1664//1371
f 1664//1372 1670//1372 1671//1372 1665//1372
f 1665//1373 1671//1373 1672//1373 1666//1373
f 1666//1374 1672//1374 1673//1374 1667//1374
f 1667//1375 1673//1375 1674//1375 1668//1375
f 1668//1376 1674//1376 1669//1376 1663//1376
f 1669//1377 1675//1377 1676//1377 1670//1377
f 1670//1378 1676//1378 1677//1378 1671//1378
f 1671//1379 1677//1379 1678//1379 1672//1379
f 1672//1380 1678//1380 1679//1380 1673//1380
f 1673//1381 1679//1381 1680//1381 1674//1381
f 1674//1382 1680//1382 1675//1382 1669//1382
f 1675//1383 1489//1383 1490//1383 1676//1383
f 1676//1384 1490//1384 1491//1384 1677//1384
f 1677//1385 1491//1385 1492//1385 1678//1385
f 1678//1386 1492//1386 1493//1386 1679//1386
f 1679//1387 1493//1387 1494//1387 1680//1387
f 1680//1388 1494//1388 1489//1388 1675//1388
usemtl MR_CyanEmission
f 1681//1389 1682//1389 1692//1389 1691//1389
f 1682//1390 1683//1390 1693//1390 1692//1390
f 1683//1391 1684//1391 1694//1391 1693//1391
f 1684//1392 1685//1392 1695//1392 1694//1392
f 1685//1393 1686//1393 1696//1393 1695//1393
f 1686//1394 1687//1394 1697//1394 1696//1394
f 1687//1395 1688//1395 1698//1395 1697//1395
f 1688//1396 1689//1396 1699//1396 1698//1396
f 1689//1397 1690//1397 1700//1397 1699//1397
f 1690//1398 1681//1398 1691//1398 1700//1398
f 1690//1399 1689//1399 1688//1399 1687//1399 1686//1399 1685//1399 1684//1399 1683//1399 1682//1399 1681//1399
f 1691//1400 1692//1400 1693//1400 1694//1400 1695//1400 1696//1400 1697//1400 1698//1400 1699//1400 1700//1400
f 1701//1401 1702//1401 1710//1401 1709//1401
f 1702//1402 1703//1402 1711//1402 1710//1402
f 1703//1403 1704//1403 1712//1403 1711//1403
f 1704//1404 1705//1404 1713//1404 1712//1404
f 1705//1405 1706//1405 1714//1405 1713//1405
f 1706//1406 1707//1406 1715//1406 1714//1406
f 1707//1407 1708//1407 1716//1407 1715//1407
f 1708//1408 1701//1408 1709//1408 1716//1408
f 1708//1409 1707//1409 1706//1409 1705//1409 1704//1409 1703//1409 1702//1409 1701//1409
f 1709//1410 1710//1410 1711//1410 1712//1410 1713//1410 1714//1410 1715//1410 1716//1410
f 1717//1411 1718//1411 1726//1411 1725//1411
f 1718//1412 1719//1412 1727//1412 1726//1412
f 1719//1413 1720//1413 1728//1413 1727//1413
f 1720//1414 1721//1414 1729//1414 1728//1414
f 1721//1415 1722//1415 1730//1415 1729//1415
f 1722//1416 1723//1416 1731//1416 1730//1416
f 1723//1417 1724//1417 1732//1417 1731//1417
f 1724//1418 1717//1418 1725//1418 1732//1418
f 1724//1419 1723//1419 1722//1419 1721//1419 1720//1419 1719//1419 1718//1419 1717//1419
f 1725//1420 1726//1420 1727//1420 1728//1420 1729//1420 1730//1420 1731//1420 1732//1420
g ExteriorPanels
usemtl MR_ConcreteDark
f 1733//1421 1734//1421 1735//1421 1736//1421
f 1737//1422 1740//1422 1739//1422 1738//1422
f 1733//1423 1737//1423 1738//1423 1734//1423
f 1736//1424 1735//1424 1739//1424 1740//1424
f 1733//1425 1736//1425 1740//1425 1737//1425
f 1734//1426 1738//1426 1739//1426 1735//1426
g Pipes
usemtl MR_Rust
f 1741//1427 1742//1427 1752//1427 1751//1427
f 1742//1428 1743//1428 1753//1428 1752//1428
f 1743//1429 1744//1429 1754//1429 1753//1429
f 1744//1430 1745//1430 1755//1430 1754//1430
f 1745//1431 1746//1431 1756//1431 1755//1431
f 1746//1432 1747//1432 1757//1432 1756//1432
f 1747//1433 1748//1433 1758//1433 1757//1433
f 1748//1434 1749//1434 1759//1434 1758//1434
f 1749//1435 1750//1435 1760//1435 1759//1435
f 1750//1436 1741//1436 1751//1436 1760//1436
f 1750//1437 1749//1437 1748//1437 1747//1437 1746//1437 1745//1437 1744//1437 1743//1437 1742//1437 1741//1437
f 1751//1438 1752//1438 1753//1438 1754//1438 1755//1438 1756//1438 1757//1438 1758//1438 1759//1438 1760//1438
f 1761//1439 1762//1439 1772//1439 1771//1439
f 1762//1440 1763//1440 1773//1440 1772//1440
f 1763//1441 1764//1441 1774//1441 1773//1441
f 1764//1442 1765//1442 1775//1442 1774//1442
f 1765//1443 1766//1443 1776//1443 1775//1443
f 1766//1444 1767//1444 1777//1444 1776//1444
f 1767//1445 1768//1445 1778//1445 1777//1445
f 1768//1446 1769//1446 1779//1446 1778//1446
f 1769//1447 1770//1447 1780//1447 1779//1447
f 1770//1448 1761//1448 1771//1448 1780//1448
f 1770//1449 1769//1449 1768//1449 1767//1449 1766//1449 1765//1449 1764//1449 1763//1449 1762//1449 1761//1449
f 1771//1450 1772//1450 1773//1450 1774//1450 1775//1450 1776//1450 1777//1450 1778//1450 1779//1450 1780//1450
g ExteriorPanels
usemtl MR_SecondaryMetal
f 1781//1451 1782//1451 1783//1451 1784//1451
f 1785//1452 1788//1452 1787//1452 1786//1452
f 1781//1453 1785//1453 1786//1453 1782//1453
f 1784//1454 1783//1454 1787//1454 1788//1454
f 1781//1455 1784//1455 1788//1455 1785//1455
f 1782//1456 1786//1456 1787//1456 1783//1456
usemtl MR_DarkMetal
f 1789//1457 1790//1457 1791//1457 1792//1457
f 1793//1458 1796//1458 1795//1458 1794//1458
f 1789//1459 1793//1459 1794//1459 1790//1459
f 1792//1460 1791//1460 1795//1460 1796//1460
f 1789//1461 1792//1461 1796//1461 1793//1461
f 1790//1462 1794//1462 1795//1462 1791//1462
usemtl MR_SecondaryMetal
f 1797//1463 1798//1463 1799//1463 1800//1463
f 1801//1464 1804//1464 1803//1464 1802//1464
f 1797//1465 1801//1465 1802//1465 1798//1465
f 1800//1466 1799//1466 1803//1466 1804//1466
f 1797//1467 1800//1467 1804//1467 1801//1467
f 1798//1468 1802//1468 1803//1468 1799//1468
f 1805//1469 1806//1469 1807//1469 1808//1469
f 1809//1470 1812//1470 1811//1470 1810//1470
f 1805//1471 1809//1471 1810//1471 1806//1471
f 1808//1472 1807//1472 1811//1472 1812//1472
f 1805//1473 1808//1473 1812//1473 1809//1473
f 1806//1474 1810//1474 1811//1474 1807//1474
f 1813//1475 1814//1475 1815//1475 1816//1475
f 1817//1476 1820//1476 1819//1476 1818//1476
f 1813//1477 1817//1477 1818//1477 1814//1477
f 1816//1478 1815//1478 1819//1478 1820//1478
f 1813//1479 1816//1479 1820//1479 1817//1479
f 1814//1480 1818//1480 1819//1480 1815//1480
f 1821//1481 1822//1481 1823//1481 1824//1481
f 1825//1482 1828//1482 1827//1482 1826//1482
f 1821//1483 1825//1483 1826//1483 1822//1483
f 1824//1484 1823//1484 1827//1484 1828//1484
f 1821//1485 1824//1485 1828//1485 1825//1485
f 1822//1486 1826//1486 1827//1486 1823//1486
usemtl MR_DarkMetal
f 1829//1487 1830//1487 1831//1487 1832//1487
f 1833//1488 1836//1488 1835//1488 1834//1488
f 1829//1489 1833//1489 1834//1489 1830//1489
f 1832//1490 1831//1490 1835//1490 1836//1490
f 1829//1491 1832//1491 1836//1491 1833//1491
f 1830//1492 1834//1492 1835//1492 1831//1492
usemtl MR_SecondaryMetal
f 1837//1493 1838//1493 1839//1493 1840//1493
f 1841//1494 1844//1494 1843//1494 1842//1494
f 1837//1495 1841//1495 1842//1495 1838//1495
f 1840//1496 1839//1496 1843//1496 1844//1496
f 1837//1497 1840//1497 1844//1497 1841//1497
f 1838//1498 1842//1498 1843//1498 1839//1498
f 1845//1499 1846//1499 1847//1499 1848//1499
f 1849//1500 1852//1500 1851//1500 1850//1500
f 1845//1501 1849//1501 1850//1501 1846//1501
f 1848//1502 1847//1502 1851//1502 1852//1502
f 1845//1503 1848//1503 1852//1503 1849//1503
f 1846//1504 1850//1504 1851//1504 1847//1504
f 1853//1505 1854//1505 1855//1505 1856//1505
f 1857//1506 1860//1506 1859//1506 1858//1506
f 1853//1507 1857//1507 1858//1507 1854//1507
f 1856//1508 1855//1508 1859//1508 1860//1508
f 1853//1509 1856//1509 1860//1509 1857//1509
f 1854//1510 1858//1510 1859//1510 1855//1510
f 1861//1511 1862//1511 1863//1511 1864//1511
f 1865//1512 1868//1512 1867//1512 1866//1512
f 1861//1513 1865//1513 1866//1513 1862//1513
f 1864//1514 1863//1514 1867//1514 1868//1514
f 1861//1515 1864//1515 1868//1515 1865//1515
f 1862//1516 1866//1516 1867//1516 1863//1516
usemtl MR_DarkMetal
f 1869//1517 1870//1517 1871//1517 1872//1517
f 1873//1518 1876//1518 1875//1518 1874//1518
f 1869//1519 1873//1519 1874//1519 1870//1519
f 1872//1520 1871//1520 1875//1520 1876//1520
f 1869//1521 1872//1521 1876//1521 1873//1521
f 1870//1522 1874//1522 1875//1522 1871//1522
usemtl MR_SecondaryMetal
f 1877//1523 1878//1523 1879//1523 1880//1523
f 1881//1524 1884//1524 1883//1524 1882//1524
f 1877//1525 1881//1525 1882//1525 1878//1525
f 1880//1526 1879//1526 1883//1526 1884//1526
f 1877//1527 1880//1527 1884//1527 1881//1527
f 1878//1528 1882//1528 1883//1528 1879//1528
f 1885//1529 1886//1529 1887//1529 1888//1529
f 1889//1530 1892//1530 1891//1530 1890//1530
f 1885//1531 1889//1531 1890//1531 1886//1531
f 1888//1532 1887//1532 1891//1532 1892//1532
f 1885//1533 1888//1533 1892//1533 1889//1533
f 1886//1534 1890//1534 1891//1534 1887//1534
f 1893//1535 1894//1535 1895//1535 1896//1535
f 1897//1536 1900//1536 1899//1536 1898//1536
f 1893//1537 1897//1537 1898//1537 1894//1537
f 1896//1538 1895//1538 1899//1538 1900//1538
f 1893//1539 1896//1539 1900//1539 1897//1539
f 1894//1540 1898//1540 1899//1540 1895//1540
usemtl MR_ConcreteDark
f 1901//1541 1902//1541 1903//1541 1904//1541
f 1905//1542 1908//1542 1907//1542 1906//1542
f 1901//1543 1905//1543 1906//1543 1902//1543
f 1904//1544 1903//1544 1907//1544 1908//1544
f 1901//1545 1904//1545 1908//1545 1905//1545
f 1902//1546 1906//1546 1907//1546 1903//1546
g Pipes
usemtl MR_Rust
f 1909//1547 1910//1547 1920//1547 1919//1547
f 1910//1548 1911//1548 1921//1548 1920//1548
f 1911//1549 1912//1549 1922//1549 1921//1549
f 1912//1550 1913//1550 1923//1550 1922//1550
f 1913//1551 1914//1551 1924//1551 1923//1551
f 1914//1552 1915//1552 1925//1552 1924//1552
f 1915//1553 1916//1553 1926//1553 1925//1553
f 1916//1554 1917//1554 1927//1554 1926//1554
f 1917//1555 1918//1555 1928//1555 1927//1555
f 1918//1556 1909//1556 1919//1556 1928//1556
f 1918//1557 1917//1557 1916//1557 1915//1557 1914//1557 1913//1557 1912//1557 1911//1557 1910//1557 1909//1557
f 1919//1558 1920//1558 1921//1558 1922//1558 1923//1558 1924//1558 1925//1558 1926//1558 1927//1558 1928//1558
f 1929//1559 1930//1559 1940//1559 1939//1559
f 1930//1560 1931//1560 1941//1560 1940//1560
f 1931//1561 1932//1561 1942//1561 1941//1561
f 1932//1562 1933//1562 1943//1562 1942//1562
f 1933//1563 1934//1563 1944//1563 1943//1563
f 1934//1564 1935//1564 1945//1564 1944//1564
f 1935//1565 1936//1565 1946//1565 1945//1565
f 1936//1566 1937//1566 1947//1566 1946//1566
f 1937//1567 1938//1567 1948//1567 1947//1567
f 1938//1568 1929//1568 1939//1568 1948//1568
f 1938//1569 1937//1569 1936//1569 1935//1569 1934//1569 1933//1569 1932//1569 1931//1569 1930//1569 1929//1569
f 1939//1570 1940//1570 1941//1570 1942//1570 1943//1570 1944//1570 1945//1570 1946//1570 1947//1570 1948//1570
g ExteriorPanels
usemtl MR_SecondaryMetal
f 1949//1571 1950//1571 1951//1571 1952//1571
f 1953//1572 1956//1572 1955//1572 1954//1572
f 1949//1573 1953//1573 1954//1573 1950//1573
f 1952//1574 1951//1574 1955//1574 1956//1574
f 1949//1575 1952//1575 1956//1575 1953//1575
f 1950//1576 1954//1576 1955//1576 1951//1576
usemtl MR_DarkMetal
f 1957//1577 1958//1577 1959//1577 1960//1577
f 1961//1578 1964//1578 1963//1578 1962//1578
f 1957//1579 1961//1579 1962//1579 1958//1579
f 1960//1580 1959//1580 1963//1580 1964//1580
f 1957//1581 1960//1581 1964//1581 1961//1581
f 1958//1582 1962//1582 1963//1582 1959//1582
usemtl MR_SecondaryMetal
f 1965//1583 1966//1583 1967//1583 1968//1583
f 1969//1584 1972//1584 1971//1584 1970//1584
f 1965//1585 1969//1585 1970//1585 1966//1585
f 1968//1586 1967//1586 1971//1586 1972//1586
f 1965//1587 1968//1587 1972//1587 1969//1587
f 1966//1588 1970//1588 1971//1588 1967//1588
f 1973//1589 1974//1589 1975//1589 1976//1589
f 1977//1590 1980//1590 1979//1590 1978//1590
f 1973//1591 1977//1591 1978//1591 1974//1591
f 1976//1592 1975//1592 1979//1592 1980//1592
f 1973//1593 1976//1593 1980//1593 1977//1593
f 1974//1594 1978//1594 1979//1594 1975//1594
f 1981//1595 1982//1595 1983//1595 1984//1595
f 1985//1596 1988//1596 1987//1596 1986//1596
f 1981//1597 1985//1597 1986//1597 1982//1597
f 1984//1598 1983//1598 1987//1598 1988//1598
f 1981//1599 1984//1599 1988//1599 1985//1599
f 1982//1600 1986//1600 1987//1600 1983//1600
f 1989//1601 1990//1601 1991//1601 1992//1601
f 1993//1602 1996//1602 1995//1602 1994//1602
f 1989//1603 1993//1603 1994//1603 1990//1603
f 1992//1604 1991//1604 1995//1604 1996//1604
f 1989//1605 1992//1605 1996//1605 1993//1605
f 1990//1606 1994//1606 1995//1606 1991//1606
usemtl MR_DarkMetal
f 1997//1607 1998//1607 1999//1607 2000//1607
f 2001//1608 2004//1608 2003//1608 2002//1608
f 1997//1609 2001//1609 2002//1609 1998//1609
f 2000//1610 1999//1610 2003//1610 2004//1610
f 1997//1611 2000//1611 2004//1611 2001//1611
f 1998//1612 2002//1612 2003//1612 1999//1612
usemtl MR_SecondaryMetal
f 2005//1613 2006//1613 2007//1613 2008//1613
f 2009//1614 2012//1614 2011//1614 2010//1614
f 2005//1615 2009//1615 2010//1615 2006//1615
f 2008//1616 2007//1616 2011//1616 2012//1616
f 2005//1617 2008//1617 2012//1617 2009//1617
f 2006//1618 2010//1618 2011//1618 2007//1618
f 2013//1619 2014//1619 2015//1619 2016//1619
f 2017//1620 2020//1620 2019//1620 2018//1620
f 2013//1621 2017//1621 2018//1621 2014//1621
f 2016//1622 2015//1622 2019//1622 2020//1622
f 2013//1623 2016//1623 2020//1623 2017//1623
f 2014//1624 2018//1624 2019//1624 2015//1624
f 2021//1625 2022//1625 2023//1625 2024//1625
f 2025//1626 2028//1626 2027//1626 2026//1626
f 2021//1627 2025//1627 2026//1627 2022//1627
f 2024//1628 2023//1628 2027//1628 2028//1628
f 2021//1629 2024//1629 2028//1629 2025//1629
f 2022//1630 2026//1630 2027//1630 2023//1630
f 2029//1631 2030//1631 2031//1631 2032//1631
f 2033//1632 2036//1632 2035//1632 2034//1632
f 2029//1633 2033//1633 2034//1633 2030//1633
f 2032//1634 2031//1634 2035//1634 2036//1634
f 2029//1635 2032//1635 2036//1635 2033//1635
f 2030//1636 2034//1636 2035//1636 2031//1636
usemtl MR_DarkMetal
f 2037//1637 2038//1637 2039//1637 2040//1637
f 2041//1638 2044//1638 2043//1638 2042//1638
f 2037//1639 2041//1639 2042//1639 2038//1639
f 2040//1640 2039//1640 2043//1640 2044//1640
f 2037//1641 2040//1641 2044//1641 2041//1641
f 2038//1642 2042//1642 2043//1642 2039//1642
usemtl MR_SecondaryMetal
f 2045//1643 2046//1643 2047//1643 2048//1643
f 2049//1644 2052//1644 2051//1644 2050//1644
f 2045//1645 2049//1645 2050//1645 2046//1645
f 2048//1646 2047//1646 2051//1646 2052//1646
f 2045//1647 2048//1647 2052//1647 2049//1647
f 2046//1648 2050//1648 2051//1648 2047//1648
f 2053//1649 2054//1649 2055//1649 2056//1649
f 2057//1650 2060//1650 2059//1650 2058//1650
f 2053//1651 2057//1651 2058//1651 2054//1651
f 2056//1652 2055//1652 2059//1652 2060//1652
f 2053//1653 2056//1653 2060//1653 2057//1653
f 2054//1654 2058//1654 2059//1654 2055//1654
f 2061//1655 2062//1655 2063//1655 2064//1655
f 2065//1656 2068//1656 2067//1656 2066//1656
f 2061//1657 2065//1657 2066//1657 2062//1657
f 2064//1658 2063//1658 2067//1658 2068//1658
f 2061//1659 2064//1659 2068//1659 2065//1659
f 2062//1660 2066//1660 2067//1660 2063//1660
g DamageParts
usemtl MR_DarkMetal
f 2069//1661 2070//1661 2071//1661 2072//1661
f 2073//1662 2076//1662 2075//1662 2074//1662
f 2069//1663 2073//1663 2074//1663 2070//1663
f 2072//1664 2071//1664 2075//1664 2076//1664
f 2069//1665 2072//1665 2076//1665 2073//1665
f 2070//1666 2074//1666 2075//1666 2071//1666
usemtl MR_Rust
f 2077//1667 2078//1667 2079//1667 2080//1667
f 2081//1668 2084//1668 2083//1668 2082//1668
f 2077//1669 2081//1669 2082//1669 2078//1669
f 2080//1670 2079//1670 2083//1670 2084//1670
f 2077//1671 2080//1671 2084//1671 2081//1671
f 2078//1672 2082//1672 2083//1672 2079//1672
f 2085//1673 2086//1673 2094//1673 2093//1673
f 2086//1674 2087//1674 2095//1674 2094//1674
f 2087//1675 2088//1675 2096//1675 2095//1675
f 2088//1676 2089//1676 2097//1676 2096//1676
f 2089//1677 2090//1677 2098//1677 2097//1677
f 2090//1678 2091//1678 2099//1678 2098//1678
f 2091//1679 2092//1679 2100//1679 2099//1679
f 2092//1680 2085//1680 2093//1680 2100//1680
f 2092//1681 2091//1681 2090//1681 2089//1681 2088//1681 2087//1681 2086//1681 2085//1681
f 2093//1682 2094//1682 2095//1682 2096//1682 2097//1682 2098//1682 2099//1682 2100//1682
f 2101//1683 2102//1683 2110//1683 2109//1683
f 2102//1684 2103//1684 2111//1684 2110//1684
f 2103//1685 2104//1685 2112//1685 2111//1685
f 2104//1686 2105//1686 2113//1686 2112//1686
f 2105//1687 2106//1687 2114//1687 2113//1687
f 2106//1688 2107//1688 2115//1688 2114//1688
f 2107//1689 2108//1689 2116//1689 2115//1689
f 2108//1690 2101//1690 2109//1690 2116//1690
f 2108//1691 2107//1691 2106//1691 2105//1691 2104//1691 2103//1691 2102//1691 2101//1691
f 2109//1692 2110//1692 2111//1692 2112//1692 2113//1692 2114//1692 2115//1692 2116//1692
usemtl MR_ConcreteDark
f 2117//1693 2118//1693 2119//1693 2120//1693
f 2121//1694 2124//1694 2123//1694 2122//1694
f 2117//1695 2121//1695 2122//1695 2118//1695
f 2120//1696 2119//1696 2123//1696 2124//1696
f 2117//1697 2120//1697 2124//1697 2121//1697
f 2118//1698 2122//1698 2123//1698 2119//1698
usemtl MR_Rust
f 2125//1699 2126//1699 2127//1699 2128//1699
f 2129//1700 2132//1700 2131//1700 2130//1700
f 2125//1701 2129//1701 2130//1701 2126//1701
f 2128//1702 2127//1702 2131//1702 2132//1702
f 2125//1703 2128//1703 2132//1703 2129//1703
f 2126//1704 2130//1704 2131//1704 2127//1704
g Debris
f 2133//1705 2134//1705 2135//1705 2136//1705
f 2137//1706 2140//1706 2139//1706 2138//1706
f 2133//1707 2137//1707 2138//1707 2134//1707
f 2136//1708 2135//1708 2139//1708 2140//1708
f 2133//1709 2136//1709 2140//1709 2137//1709
f 2134//1710 2138//1710 2139//1710 2135//1710
usemtl MR_Debris
f 2141//1711 2142//1711 2143//1711 2144//1711
f 2145//1712 2148//1712 2147//1712 2146//1712
f 2141//1713 2145//1713 2146//1713 2142//1713
f 2144//1714 2143//1714 2147//1714 2148//1714
f 2141//1715 2144//1715 2148//1715 2145//1715
f 2142//1716 2146//1716 2147//1716 2143//1716
f 2149//1717 2150//1717 2151//1717 2152//1717
f 2153//1718 2156//1718 2155//1718 2154//1718
f 2149//1719 2153//1719 2154//1719 2150//1719
f 2152//1720 2151//1720 2155//1720 2156//1720
f 2149//1721 2152//1721 2156//1721 2153//1721
f 2150//1722 2154//1722 2155//1722 2151//1722
f 2157//1723 2158//1723 2159//1723 2160//1723
f 2161//1724 2164//1724 2163//1724 2162//1724
f 2157//1725 2161//1725 2162//1725 2158//1725
f 2160//1726 2159//1726 2163//1726 2164//1726
f 2157//1727 2160//1727 2164//1727 2161//1727
f 2158//1728 2162//1728 2163//1728 2159//1728
usemtl MR_Rust
f 2165//1729 2166//1729 2167//1729 2168//1729
f 2169//1730 2172//1730 2171//1730 2170//1730
f 2165//1731 2169//1731 2170//1731 2166//1731
f 2168//1732 2167//1732 2171//1732 2172//1732
f 2165//1733 2168//1733 2172//1733 2169//1733
f 2166//1734 2170//1734 2171//1734 2167//1734
usemtl MR_Debris
f 2173//1735 2174//1735 2175//1735 2176//1735
f 2177//1736 2180//1736 2179//1736 2178//1736
f 2173//1737 2177//1737 2178//1737 2174//1737
f 2176//1738 2175//1738 2179//1738 2180//1738
f 2173//1739 2176//1739 2180//1739 2177//1739
f 2174//1740 2178//1740 2179//1740 2175//1740
f 2181//1741 2182//1741 2183//1741 2184//1741
f 2185//1742 2188//1742 2187//1742 2186//1742
f 2181//1743 2185//1743 2186//1743 2182//1743
f 2184//1744 2183//1744 2187//1744 2188//1744
f 2181//1745 2184//1745 2188//1745 2185//1745
f 2182//1746 2186//1746 2187//1746 2183//1746
f 2189//1747 2190//1747 2191//1747 2192//1747
f 2193//1748 2196//1748 2195//1748 2194//1748
f 2189//1749 2193//1749 2194//1749 2190//1749
f 2192//1750 2191//1750 2195//1750 2196//1750
f 2189//1751 2192//1751 2196//1751 2193//1751
f 2190//1752 2194//1752 2195//1752 2191//1752
usemtl MR_Rust
f 2197//1753 2198//1753 2199//1753 2200//1753
f 2201//1754 2204//1754 2203//1754 2202//1754
f 2197//1755 2201//1755 2202//1755 2198//1755
f 2200//1756 2199//1756 2203//1756 2204//1756
f 2197//1757 2200//1757 2204//1757 2201//1757
f 2198//1758 2202//1758 2203//1758 2199//1758
usemtl MR_Debris
f 2205//1759 2206//1759 2207//1759 2208//1759
f 2209//1760 2212//1760 2211//1760 2210//1760
f 2205//1761 2209//1761 2210//1761 2206//1761
f 2208//1762 2207//1762 2211//1762 2212//1762
f 2205//1763 2208//1763 2212//1763 2209//1763
f 2206//1764 2210//1764 2211//1764 2207//1764
f 2213//1765 2214//1765 2215//1765 2216//1765
f 2217//1766 2220//1766 2219//1766 2218//1766
f 2213//1767 2217//1767 2218//1767 2214//1767
f 2216//1768 2215//1768 2219//1768 2220//1768
f 2213//1769 2216//1769 2220//1769 2217//1769
f 2214//1770 2218//1770 2219//1770 2215//1770
f 2221//1771 2222//1771 2223//1771 2224//1771
f 2225//1772 2228//1772 2227//1772 2226//1772
f 2221//1773 2225//1773 2226//1773 2222//1773
f 2224//1774 2223//1774 2227//1774 2228//1774
f 2221//1775 2224//1775 2228//1775 2225//1775
f 2222//1776 2226//1776 2227//1776 2223//1776
usemtl MR_Rust
f 2229//1777 2230//1777 2231//1777 2232//1777
f 2233//1778 2236//1778 2235//1778 2234//1778
f 2229//1779 2233//1779 2234//1779 2230//1779
f 2232//1780 2231//1780 2235//1780 2236//1780
f 2229//1781 2232//1781 2236//1781 2233//1781
f 2230//1782 2234//1782 2235//1782 2231//1782
usemtl MR_Debris
f 2237//1783 2238//1783 2239//1783 2240//1783
f 2241//1784 2244//1784 2243//1784 2242//1784
f 2237//1785 2241//1785 2242//1785 2238//1785
f 2240//1786 2239//1786 2243//1786 2244//1786
f 2237//1787 2240//1787 2244//1787 2241//1787
f 2238//1788 2242//1788 2243//1788 2239//1788
usemtl MR_Rust
f 2245//1789 2246//1789 2247//1789 2248//1789
f 2249//1790 2252//1790 2251//1790 2250//1790
f 2245//1791 2249//1791 2250//1791 2246//1791
f 2248//1792 2247//1792 2251//1792 2252//1792
f 2245//1793 2248//1793 2252//1793 2249//1793
f 2246//1794 2250//1794 2251//1794 2247//1794
usemtl MR_Debris
f 2253//1795 2254//1795 2255//1795 2256//1795
f 2257//1796 2260//1796 2259//1796 2258//1796
f 2253//1797 2257//1797 2258//1797 2254//1797
f 2256//1798 2255//1798 2259//1798 2260//1798
f 2253//1799 2256//1799 2260//1799 2257//1799
f 2254//1800 2258//1800 2259//1800 2255//1800
f 2261//1801 2262//1801 2263//1801 2264//1801
f 2265//1802 2268//1802 2267//1802 2266//1802
f 2261//1803 2265//1803 2266//1803 2262//1803
f 2264//1804 2263//1804 2267//1804 2268//1804
f 2261//1805 2264//1805 2268//1805 2265//1805
f 2262//1806 2266//1806 2267//1806 2263//1806
f 2269//1807 2270//1807 2271//1807 2272//1807
f 2273//1808 2276//1808 2275//1808 2274//1808
f 2269//1809 2273//1809 2274//1809 2270//1809
f 2272//1810 2271//1810 2275//1810 2276//1810
f 2269//1811 2272//1811 2276//1811 2273//1811
f 2270//1812 2274//1812 2275//1812 2271//1812
usemtl MR_Rust
f 2277//1813 2278//1813 2279//1813 2280//1813
f 2281//1814 2284//1814 2283//1814 2282//1814
f 2277//1815 2281//1815 2282//1815 2278//1815
f 2280//1816 2279//1816 2283//1816 2284//1816
f 2277//1817 2280//1817 2284//1817 2281//1817
f 2278//1818 2282//1818 2283//1818 2279//1818
usemtl MR_Debris
f 2285//1819 2286//1819 2287//1819 2288//1819
f 2289//1820 2292//1820 2291//1820 2290//1820
f 2285//1821 2289//1821 2290//1821 2286//1821
f 2288//1822 2287//1822 2291//1822 2292//1822
f 2285//1823 2288//1823 2292//1823 2289//1823
f 2286//1824 2290//1824 2291//1824 2287//1824
f 2293//1825 2294//1825 2295//1825 2296//1825
f 2297//1826 2300//1826 2299//1826 2298//1826
f 2293//1827 2297//1827 2298//1827 2294//1827
f 2296//1828 2295//1828 2299//1828 2300//1828
f 2293//1829 2296//1829 2300//1829 2297//1829
f 2294//1830 2298//1830 2299//1830 2295//1830
f 2301//1831 2302//1831 2303//1831 2304//1831
f 2305//1832 2308//1832 2307//1832 2306//1832
f 2301//1833 2305//1833 2306//1833 2302//1833
f 2304//1834 2303//1834 2307//1834 2308//1834
f 2301//1835 2304//1835 2308//1835 2305//1835
f 2302//1836 2306//1836 2307//1836 2303//1836
usemtl MR_Rust
f 2309//1837 2310//1837 2311//1837 2312//1837
f 2313//1838 2316//1838 2315//1838 2314//1838
f 2309//1839 2313//1839 2314//1839 2310//1839
f 2312//1840 2311//1840 2315//1840 2316//1840
f 2309//1841 2312//1841 2316//1841 2313//1841
f 2310//1842 2314//1842 2315//1842 2311//1842
usemtl MR_Debris
f 2317//1843 2318//1843 2319//1843 2320//1843
f 2321//1844 2324//1844 2323//1844 2322//1844
f 2317//1845 2321//1845 2322//1845 2318//1845
f 2320//1846 2319//1846 2323//1846 2324//1846
f 2317//1847 2320//1847 2324//1847 2321//1847
f 2318//1848 2322//1848 2323//1848 2319//1848
f 2325//1849 2326//1849 2327//1849 2328//1849
f 2329//1850 2332//1850 2331//1850 2330//1850
f 2325//1851 2329//1851 2330//1851 2326//1851
f 2328//1852 2327//1852 2331//1852 2332//1852
f 2325//1853 2328//1853 2332//1853 2329//1853
f 2326//1854 2330//1854 2331//1854 2327//1854
f 2333//1855 2334//1855 2335//1855 2336//1855
f 2337//1856 2340//1856 2339//1856 2338//1856
f 2333//1857 2337//1857 2338//1857 2334//1857
f 2336//1858 2335//1858 2339//1858 2340//1858
f 2333//1859 2336//1859 2340//1859 2337//1859
f 2334//1860 2338//1860 2339//1860 2335//1860
